TSO,library_ID,sample_name,experiment,cell,VHL,HIF1B,EIF4E2,gRNA_id,oxygen,clone,treatment,fraction,replicate,ERCC,input_volume,R1_file_name,index_1,lane_name,no_technical_rep_sample_name,sample_name_with_lane
TSO-3,LYS23P,polysome_RCC4_VHL_EIF4E2_NA_1_NA_ribo0A_1,polysome,RCC4,VHL,HIF1B,EIF4E2,NA,N,1,NA,ribo0A,1,Yes,75,SUG968A8_S71_L007_R1_001.fastq.gz,GAATCCGA,SUG968,polysome_RCC4_VHL_EIF4E2_NA_1_NA_ribo0A,polysome_RCC4_VHL_EIF4E2_NA_1_NA_ribo0A_1_SUG968
TSO-4,LYS23P,polysome_RCC4_VHL_EIF4E2_NA_1_NA_ribo0B_1,polysome,RCC4,VHL,HIF1B,EIF4E2,NA,N,1,NA,ribo0B,1,Yes,75,SUG968A8_S71_L007_R1_001.fastq.gz,GTACCTTG,SUG968,polysome_RCC4_VHL_EIF4E2_NA_1_NA_ribo0B,polysome_RCC4_VHL_EIF4E2_NA_1_NA_ribo0B_1_SUG968
TSO-9,LYS23J,polysome_RCC4_VHL_EIF4E2_NA_1_NA_ribo1_1,polysome,RCC4,VHL,HIF1B,EIF4E2,NA,N,1,NA,ribo1,1,Yes,75,SUG341A16_S7_L001_R1_001.fastq.gz,TAGTTGCG,SUG341,polysome_RCC4_VHL_EIF4E2_NA_1_NA_ribo1,polysome_RCC4_VHL_EIF4E2_NA_1_NA_ribo1_1_SUG341
TSO-9,LYS23J,polysome_RCC4_VHL_EIF4E2_NA_1_NA_ribo1_1,polysome,RCC4,VHL,HIF1B,EIF4E2,NA,N,1,NA,ribo1,1,Yes,75,SUG968A1_S97_L007_R1_001.fastq.gz,TAGTTGCG,SUG968,polysome_RCC4_VHL_EIF4E2_NA_1_NA_ribo1,polysome_RCC4_VHL_EIF4E2_NA_1_NA_ribo1_1_SUG968
TSO-10,LYS23J,polysome_RCC4_VHL_EIF4E2_NA_1_NA_ribo2_1,polysome,RCC4,VHL,HIF1B,EIF4E2,NA,N,1,NA,ribo2,1,Yes,75,SUG341A16_S7_L001_R1_001.fastq.gz,GAGATACG,SUG341,polysome_RCC4_VHL_EIF4E2_NA_1_NA_ribo2,polysome_RCC4_VHL_EIF4E2_NA_1_NA_ribo2_1_SUG341
TSO-10,LYS23J,polysome_RCC4_VHL_EIF4E2_NA_1_NA_ribo2_1,polysome,RCC4,VHL,HIF1B,EIF4E2,NA,N,1,NA,ribo2,1,Yes,75,SUG968A1_S97_L007_R1_001.fastq.gz,GAGATACG,SUG968,polysome_RCC4_VHL_EIF4E2_NA_1_NA_ribo2,polysome_RCC4_VHL_EIF4E2_NA_1_NA_ribo2_1_SUG968
TSO-11,LYS23J,polysome_RCC4_VHL_EIF4E2_NA_1_NA_ribo3_1,polysome,RCC4,VHL,HIF1B,EIF4E2,NA,N,1,NA,ribo3,1,Yes,75,SUG341A16_S7_L001_R1_001.fastq.gz,AGGTGTAC,SUG341,polysome_RCC4_VHL_EIF4E2_NA_1_NA_ribo3,polysome_RCC4_VHL_EIF4E2_NA_1_NA_ribo3_1_SUG341
TSO-11,LYS23J,polysome_RCC4_VHL_EIF4E2_NA_1_NA_ribo3_1,polysome,RCC4,VHL,HIF1B,EIF4E2,NA,N,1,NA,ribo3,1,Yes,75,SUG968A1_S97_L007_R1_001.fastq.gz,AGGTGTAC,SUG968,polysome_RCC4_VHL_EIF4E2_NA_1_NA_ribo3,polysome_RCC4_VHL_EIF4E2_NA_1_NA_ribo3_1_SUG968
TSO-12,LYS23J,polysome_RCC4_VHL_EIF4E2_NA_1_NA_ribo4_1,polysome,RCC4,VHL,HIF1B,EIF4E2,NA,N,1,NA,ribo4,1,Yes,75,SUG341A16_S7_L001_R1_001.fastq.gz,TAATGCCG,SUG341,polysome_RCC4_VHL_EIF4E2_NA_1_NA_ribo4,polysome_RCC4_VHL_EIF4E2_NA_1_NA_ribo4_1_SUG341
TSO-12,LYS23J,polysome_RCC4_VHL_EIF4E2_NA_1_NA_ribo4_1,polysome,RCC4,VHL,HIF1B,EIF4E2,NA,N,1,NA,ribo4,1,Yes,75,SUG968A1_S97_L007_R1_001.fastq.gz,TAATGCCG,SUG968,polysome_RCC4_VHL_EIF4E2_NA_1_NA_ribo4,polysome_RCC4_VHL_EIF4E2_NA_1_NA_ribo4_1_SUG968
TSO-13,LYS23J,polysome_RCC4_VHL_EIF4E2_NA_1_NA_ribo5_1,polysome,RCC4,VHL,HIF1B,EIF4E2,NA,N,1,NA,ribo5,1,Yes,75,SUG341A16_S7_L001_R1_001.fastq.gz,TCAGACGA,SUG341,polysome_RCC4_VHL_EIF4E2_NA_1_NA_ribo5,polysome_RCC4_VHL_EIF4E2_NA_1_NA_ribo5_1_SUG341
TSO-13,LYS23J,polysome_RCC4_VHL_EIF4E2_NA_1_NA_ribo5_1,polysome,RCC4,VHL,HIF1B,EIF4E2,NA,N,1,NA,ribo5,1,Yes,75,SUG968A1_S97_L007_R1_001.fastq.gz,TCAGACGA,SUG968,polysome_RCC4_VHL_EIF4E2_NA_1_NA_ribo5,polysome_RCC4_VHL_EIF4E2_NA_1_NA_ribo5_1_SUG968
TSO-14,LYS23J,polysome_RCC4_VHL_EIF4E2_NA_1_NA_ribo6_1,polysome,RCC4,VHL,HIF1B,EIF4E2,NA,N,1,NA,ribo6,1,Yes,75,SUG341A16_S7_L001_R1_001.fastq.gz,GATAGGCT,SUG341,polysome_RCC4_VHL_EIF4E2_NA_1_NA_ribo6,polysome_RCC4_VHL_EIF4E2_NA_1_NA_ribo6_1_SUG341
TSO-14,LYS23J,polysome_RCC4_VHL_EIF4E2_NA_1_NA_ribo6_1,polysome,RCC4,VHL,HIF1B,EIF4E2,NA,N,1,NA,ribo6,1,Yes,75,SUG968A1_S97_L007_R1_001.fastq.gz,GATAGGCT,SUG968,polysome_RCC4_VHL_EIF4E2_NA_1_NA_ribo6,polysome_RCC4_VHL_EIF4E2_NA_1_NA_ribo6_1_SUG968
TSO-15,LYS23J,polysome_RCC4_VHL_EIF4E2_NA_1_NA_ribo7_1,polysome,RCC4,VHL,HIF1B,EIF4E2,NA,N,1,NA,ribo7,1,Yes,75,SUG341A16_S7_L001_R1_001.fastq.gz,TGGTACAG,SUG341,polysome_RCC4_VHL_EIF4E2_NA_1_NA_ribo7,polysome_RCC4_VHL_EIF4E2_NA_1_NA_ribo7_1_SUG341
TSO-15,LYS23J,polysome_RCC4_VHL_EIF4E2_NA_1_NA_ribo7_1,polysome,RCC4,VHL,HIF1B,EIF4E2,NA,N,1,NA,ribo7,1,Yes,75,SUG968A1_S97_L007_R1_001.fastq.gz,TGGTACAG,SUG968,polysome_RCC4_VHL_EIF4E2_NA_1_NA_ribo7,polysome_RCC4_VHL_EIF4E2_NA_1_NA_ribo7_1_SUG968
TSO-16,LYS23J,polysome_RCC4_VHL_EIF4E2_NA_1_NA_ribo8_1,polysome,RCC4,VHL,HIF1B,EIF4E2,NA,N,1,NA,ribo8,1,Yes,75,SUG341A16_S7_L001_R1_001.fastq.gz,CAAGGTCT,SUG341,polysome_RCC4_VHL_EIF4E2_NA_1_NA_ribo8,polysome_RCC4_VHL_EIF4E2_NA_1_NA_ribo8_1_SUG341
TSO-16,LYS23J,polysome_RCC4_VHL_EIF4E2_NA_1_NA_ribo8_1,polysome,RCC4,VHL,HIF1B,EIF4E2,NA,N,1,NA,ribo8,1,Yes,75,SUG968A1_S97_L007_R1_001.fastq.gz,CAAGGTCT,SUG968,polysome_RCC4_VHL_EIF4E2_NA_1_NA_ribo8,polysome_RCC4_VHL_EIF4E2_NA_1_NA_ribo8_1_SUG968
TSO-7,LYS23P,polysome_RCC4_VHL_EIF4E2_NA_3_NA_ribo0A_1,polysome,RCC4,VHL,HIF1B,EIF4E2,NA,N,3,NA,ribo0A,1,Yes,150,SUG968A8_S71_L007_R1_001.fastq.gz,CGTATTCG,SUG968,polysome_RCC4_VHL_EIF4E2_NA_3_NA_ribo0A,polysome_RCC4_VHL_EIF4E2_NA_3_NA_ribo0A_1_SUG968
TSO-8,LYS23P,polysome_RCC4_VHL_EIF4E2_NA_3_NA_ribo0B_1,polysome,RCC4,VHL,HIF1B,EIF4E2,NA,N,3,NA,ribo0B,1,Yes,150,SUG968A8_S71_L007_R1_001.fastq.gz,CTCCTAGA,SUG968,polysome_RCC4_VHL_EIF4E2_NA_3_NA_ribo0B,polysome_RCC4_VHL_EIF4E2_NA_3_NA_ribo0B_1_SUG968
TSO-8,LYS23K,polysome_RCC4_VHL_EIF4E2_NA_3_NA_ribo1_1,polysome,RCC4,VHL,HIF1B,EIF4E2,NA,N,3,NA,ribo1,1,Yes,150,SUG341A17_S8_L001_R1_001.fastq.gz,CTCCTAGA,SUG341,polysome_RCC4_VHL_EIF4E2_NA_3_NA_ribo1,polysome_RCC4_VHL_EIF4E2_NA_3_NA_ribo1_1_SUG341
TSO-8,LYS23K,polysome_RCC4_VHL_EIF4E2_NA_3_NA_ribo1_1,polysome,RCC4,VHL,HIF1B,EIF4E2,NA,N,3,NA,ribo1,1,Yes,150,SUG968A2_S98_L007_R1_001.fastq.gz,CTCCTAGA,SUG968,polysome_RCC4_VHL_EIF4E2_NA_3_NA_ribo1,polysome_RCC4_VHL_EIF4E2_NA_3_NA_ribo1_1_SUG968
TSO-7,LYS23K,polysome_RCC4_VHL_EIF4E2_NA_3_NA_ribo2_1,polysome,RCC4,VHL,HIF1B,EIF4E2,NA,N,3,NA,ribo2,1,Yes,150,SUG341A17_S8_L001_R1_001.fastq.gz,CGTATTCG,SUG341,polysome_RCC4_VHL_EIF4E2_NA_3_NA_ribo2,polysome_RCC4_VHL_EIF4E2_NA_3_NA_ribo2_1_SUG341
TSO-7,LYS23K,polysome_RCC4_VHL_EIF4E2_NA_3_NA_ribo2_1,polysome,RCC4,VHL,HIF1B,EIF4E2,NA,N,3,NA,ribo2,1,Yes,150,SUG968A2_S98_L007_R1_001.fastq.gz,CGTATTCG,SUG968,polysome_RCC4_VHL_EIF4E2_NA_3_NA_ribo2,polysome_RCC4_VHL_EIF4E2_NA_3_NA_ribo2_1_SUG968
TSO-6,LYS23K,polysome_RCC4_VHL_EIF4E2_NA_3_NA_ribo3_1,polysome,RCC4,VHL,HIF1B,EIF4E2,NA,N,3,NA,ribo3,1,Yes,150,SUG341A17_S8_L001_R1_001.fastq.gz,TGACTGAC,SUG341,polysome_RCC4_VHL_EIF4E2_NA_3_NA_ribo3,polysome_RCC4_VHL_EIF4E2_NA_3_NA_ribo3_1_SUG341
TSO-6,LYS23K,polysome_RCC4_VHL_EIF4E2_NA_3_NA_ribo3_1,polysome,RCC4,VHL,HIF1B,EIF4E2,NA,N,3,NA,ribo3,1,Yes,150,SUG968A2_S98_L007_R1_001.fastq.gz,TGACTGAC,SUG968,polysome_RCC4_VHL_EIF4E2_NA_3_NA_ribo3,polysome_RCC4_VHL_EIF4E2_NA_3_NA_ribo3_1_SUG968
TSO-5,LYS23K,polysome_RCC4_VHL_EIF4E2_NA_3_NA_ribo4_1,polysome,RCC4,VHL,HIF1B,EIF4E2,NA,N,3,NA,ribo4,1,Yes,150,SUG341A17_S8_L001_R1_001.fastq.gz,CATGAGGA,SUG341,polysome_RCC4_VHL_EIF4E2_NA_3_NA_ribo4,polysome_RCC4_VHL_EIF4E2_NA_3_NA_ribo4_1_SUG341
TSO-5,LYS23K,polysome_RCC4_VHL_EIF4E2_NA_3_NA_ribo4_1,polysome,RCC4,VHL,HIF1B,EIF4E2,NA,N,3,NA,ribo4,1,Yes,150,SUG968A2_S98_L007_R1_001.fastq.gz,CATGAGGA,SUG968,polysome_RCC4_VHL_EIF4E2_NA_3_NA_ribo4,polysome_RCC4_VHL_EIF4E2_NA_3_NA_ribo4_1_SUG968
TSO-4,LYS23K,polysome_RCC4_VHL_EIF4E2_NA_3_NA_ribo5_1,polysome,RCC4,VHL,HIF1B,EIF4E2,NA,N,3,NA,ribo5,1,Yes,150,SUG341A17_S8_L001_R1_001.fastq.gz,GTACCTTG,SUG341,polysome_RCC4_VHL_EIF4E2_NA_3_NA_ribo5,polysome_RCC4_VHL_EIF4E2_NA_3_NA_ribo5_1_SUG341
TSO-4,LYS23K,polysome_RCC4_VHL_EIF4E2_NA_3_NA_ribo5_1,polysome,RCC4,VHL,HIF1B,EIF4E2,NA,N,3,NA,ribo5,1,Yes,150,SUG968A2_S98_L007_R1_001.fastq.gz,GTACCTTG,SUG968,polysome_RCC4_VHL_EIF4E2_NA_3_NA_ribo5,polysome_RCC4_VHL_EIF4E2_NA_3_NA_ribo5_1_SUG968
TSO-3,LYS23K,polysome_RCC4_VHL_EIF4E2_NA_3_NA_ribo6_1,polysome,RCC4,VHL,HIF1B,EIF4E2,NA,N,3,NA,ribo6,1,Yes,150,SUG341A17_S8_L001_R1_001.fastq.gz,GAATCCGA,SUG341,polysome_RCC4_VHL_EIF4E2_NA_3_NA_ribo6,polysome_RCC4_VHL_EIF4E2_NA_3_NA_ribo6_1_SUG341
TSO-3,LYS23K,polysome_RCC4_VHL_EIF4E2_NA_3_NA_ribo6_1,polysome,RCC4,VHL,HIF1B,EIF4E2,NA,N,3,NA,ribo6,1,Yes,150,SUG968A2_S98_L007_R1_001.fastq.gz,GAATCCGA,SUG968,polysome_RCC4_VHL_EIF4E2_NA_3_NA_ribo6,polysome_RCC4_VHL_EIF4E2_NA_3_NA_ribo6_1_SUG968
TSO-2,LYS23K,polysome_RCC4_VHL_EIF4E2_NA_3_NA_ribo7_1,polysome,RCC4,VHL,HIF1B,EIF4E2,NA,N,3,NA,ribo7,1,Yes,150,SUG341A17_S8_L001_R1_001.fastq.gz,AGGTCACT,SUG341,polysome_RCC4_VHL_EIF4E2_NA_3_NA_ribo7,polysome_RCC4_VHL_EIF4E2_NA_3_NA_ribo7_1_SUG341
TSO-2,LYS23K,polysome_RCC4_VHL_EIF4E2_NA_3_NA_ribo7_1,polysome,RCC4,VHL,HIF1B,EIF4E2,NA,N,3,NA,ribo7,1,Yes,150,SUG968A2_S98_L007_R1_001.fastq.gz,AGGTCACT,SUG968,polysome_RCC4_VHL_EIF4E2_NA_3_NA_ribo7,polysome_RCC4_VHL_EIF4E2_NA_3_NA_ribo7_1_SUG968
TSO-1,LYS23K,polysome_RCC4_VHL_EIF4E2_NA_3_NA_ribo8_1,polysome,RCC4,VHL,HIF1B,EIF4E2,NA,N,3,NA,ribo8,1,Yes,150,SUG341A17_S8_L001_R1_001.fastq.gz,GTCGGTAA,SUG341,polysome_RCC4_VHL_EIF4E2_NA_3_NA_ribo8,polysome_RCC4_VHL_EIF4E2_NA_3_NA_ribo8_1_SUG341
TSO-1,LYS23K,polysome_RCC4_VHL_EIF4E2_NA_3_NA_ribo8_1,polysome,RCC4,VHL,HIF1B,EIF4E2,NA,N,3,NA,ribo8,1,Yes,150,SUG968A2_S98_L007_R1_001.fastq.gz,GTCGGTAA,SUG968,polysome_RCC4_VHL_EIF4E2_NA_3_NA_ribo8,polysome_RCC4_VHL_EIF4E2_NA_3_NA_ribo8_1_SUG968
TSO-11,LYS23P,polysome_RCC4_VHL_EIF4E2_NA_4_NA_ribo0A_1,polysome,RCC4,VHL,HIF1B,EIF4E2,NA,N,4,NA,ribo0A,1,Yes,150,SUG968A8_S71_L007_R1_001.fastq.gz,AGGTGTAC,SUG968,polysome_RCC4_VHL_EIF4E2_NA_4_NA_ribo0A,polysome_RCC4_VHL_EIF4E2_NA_4_NA_ribo0A_1_SUG968
TSO-12,LYS23P,polysome_RCC4_VHL_EIF4E2_NA_4_NA_ribo0B_1,polysome,RCC4,VHL,HIF1B,EIF4E2,NA,N,4,NA,ribo0B,1,Yes,150,SUG968A8_S71_L007_R1_001.fastq.gz,TAATGCCG,SUG968,polysome_RCC4_VHL_EIF4E2_NA_4_NA_ribo0B,polysome_RCC4_VHL_EIF4E2_NA_4_NA_ribo0B_1_SUG968
TSO-1,LYS23L,polysome_RCC4_VHL_EIF4E2_NA_4_NA_ribo1_1,polysome,RCC4,VHL,HIF1B,EIF4E2,NA,N,4,NA,ribo1,1,Yes,150,SUG341A18_S9_L001_R1_001.fastq.gz,GTCGGTAA,SUG341,polysome_RCC4_VHL_EIF4E2_NA_4_NA_ribo1,polysome_RCC4_VHL_EIF4E2_NA_4_NA_ribo1_1_SUG341
TSO-1,LYS23L,polysome_RCC4_VHL_EIF4E2_NA_4_NA_ribo1_1,polysome,RCC4,VHL,HIF1B,EIF4E2,NA,N,4,NA,ribo1,1,Yes,150,SUG968A3_S99_L007_R1_001.fastq.gz,GTCGGTAA,SUG968,polysome_RCC4_VHL_EIF4E2_NA_4_NA_ribo1,polysome_RCC4_VHL_EIF4E2_NA_4_NA_ribo1_1_SUG968
TSO-2,LYS23L,polysome_RCC4_VHL_EIF4E2_NA_4_NA_ribo2_1,polysome,RCC4,VHL,HIF1B,EIF4E2,NA,N,4,NA,ribo2,1,Yes,150,SUG341A18_S9_L001_R1_001.fastq.gz,AGGTCACT,SUG341,polysome_RCC4_VHL_EIF4E2_NA_4_NA_ribo2,polysome_RCC4_VHL_EIF4E2_NA_4_NA_ribo2_1_SUG341
TSO-2,LYS23L,polysome_RCC4_VHL_EIF4E2_NA_4_NA_ribo2_1,polysome,RCC4,VHL,HIF1B,EIF4E2,NA,N,4,NA,ribo2,1,Yes,150,SUG968A3_S99_L007_R1_001.fastq.gz,AGGTCACT,SUG968,polysome_RCC4_VHL_EIF4E2_NA_4_NA_ribo2,polysome_RCC4_VHL_EIF4E2_NA_4_NA_ribo2_1_SUG968
TSO-3,LYS23L,polysome_RCC4_VHL_EIF4E2_NA_4_NA_ribo3_1,polysome,RCC4,VHL,HIF1B,EIF4E2,NA,N,4,NA,ribo3,1,Yes,150,SUG341A18_S9_L001_R1_001.fastq.gz,GAATCCGA,SUG341,polysome_RCC4_VHL_EIF4E2_NA_4_NA_ribo3,polysome_RCC4_VHL_EIF4E2_NA_4_NA_ribo3_1_SUG341
TSO-3,LYS23L,polysome_RCC4_VHL_EIF4E2_NA_4_NA_ribo3_1,polysome,RCC4,VHL,HIF1B,EIF4E2,NA,N,4,NA,ribo3,1,Yes,150,SUG968A3_S99_L007_R1_001.fastq.gz,GAATCCGA,SUG968,polysome_RCC4_VHL_EIF4E2_NA_4_NA_ribo3,polysome_RCC4_VHL_EIF4E2_NA_4_NA_ribo3_1_SUG968
TSO-4,LYS23L,polysome_RCC4_VHL_EIF4E2_NA_4_NA_ribo4_1,polysome,RCC4,VHL,HIF1B,EIF4E2,NA,N,4,NA,ribo4,1,Yes,150,SUG341A18_S9_L001_R1_001.fastq.gz,GTACCTTG,SUG341,polysome_RCC4_VHL_EIF4E2_NA_4_NA_ribo4,polysome_RCC4_VHL_EIF4E2_NA_4_NA_ribo4_1_SUG341
TSO-4,LYS23L,polysome_RCC4_VHL_EIF4E2_NA_4_NA_ribo4_1,polysome,RCC4,VHL,HIF1B,EIF4E2,NA,N,4,NA,ribo4,1,Yes,150,SUG968A3_S99_L007_R1_001.fastq.gz,GTACCTTG,SUG968,polysome_RCC4_VHL_EIF4E2_NA_4_NA_ribo4,polysome_RCC4_VHL_EIF4E2_NA_4_NA_ribo4_1_SUG968
TSO-5,LYS23L,polysome_RCC4_VHL_EIF4E2_NA_4_NA_ribo5_1,polysome,RCC4,VHL,HIF1B,EIF4E2,NA,N,4,NA,ribo5,1,Yes,150,SUG341A18_S9_L001_R1_001.fastq.gz,CATGAGGA,SUG341,polysome_RCC4_VHL_EIF4E2_NA_4_NA_ribo5,polysome_RCC4_VHL_EIF4E2_NA_4_NA_ribo5_1_SUG341
TSO-5,LYS23L,polysome_RCC4_VHL_EIF4E2_NA_4_NA_ribo5_1,polysome,RCC4,VHL,HIF1B,EIF4E2,NA,N,4,NA,ribo5,1,Yes,150,SUG968A3_S99_L007_R1_001.fastq.gz,CATGAGGA,SUG968,polysome_RCC4_VHL_EIF4E2_NA_4_NA_ribo5,polysome_RCC4_VHL_EIF4E2_NA_4_NA_ribo5_1_SUG968
TSO-6,LYS23L,polysome_RCC4_VHL_EIF4E2_NA_4_NA_ribo6_1,polysome,RCC4,VHL,HIF1B,EIF4E2,NA,N,4,NA,ribo6,1,Yes,150,SUG341A18_S9_L001_R1_001.fastq.gz,TGACTGAC,SUG341,polysome_RCC4_VHL_EIF4E2_NA_4_NA_ribo6,polysome_RCC4_VHL_EIF4E2_NA_4_NA_ribo6_1_SUG341
TSO-6,LYS23L,polysome_RCC4_VHL_EIF4E2_NA_4_NA_ribo6_1,polysome,RCC4,VHL,HIF1B,EIF4E2,NA,N,4,NA,ribo6,1,Yes,150,SUG968A3_S99_L007_R1_001.fastq.gz,TGACTGAC,SUG968,polysome_RCC4_VHL_EIF4E2_NA_4_NA_ribo6,polysome_RCC4_VHL_EIF4E2_NA_4_NA_ribo6_1_SUG968
TSO-7,LYS23L,polysome_RCC4_VHL_EIF4E2_NA_4_NA_ribo7_1,polysome,RCC4,VHL,HIF1B,EIF4E2,NA,N,4,NA,ribo7,1,Yes,150,SUG341A18_S9_L001_R1_001.fastq.gz,CGTATTCG,SUG341,polysome_RCC4_VHL_EIF4E2_NA_4_NA_ribo7,polysome_RCC4_VHL_EIF4E2_NA_4_NA_ribo7_1_SUG341
TSO-7,LYS23L,polysome_RCC4_VHL_EIF4E2_NA_4_NA_ribo7_1,polysome,RCC4,VHL,HIF1B,EIF4E2,NA,N,4,NA,ribo7,1,Yes,150,SUG968A3_S99_L007_R1_001.fastq.gz,CGTATTCG,SUG968,polysome_RCC4_VHL_EIF4E2_NA_4_NA_ribo7,polysome_RCC4_VHL_EIF4E2_NA_4_NA_ribo7_1_SUG968
TSO-8,LYS23L,polysome_RCC4_VHL_EIF4E2_NA_4_NA_ribo8_1,polysome,RCC4,VHL,HIF1B,EIF4E2,NA,N,4,NA,ribo8,1,Yes,150,SUG341A18_S9_L001_R1_001.fastq.gz,CTCCTAGA,SUG341,polysome_RCC4_VHL_EIF4E2_NA_4_NA_ribo8,polysome_RCC4_VHL_EIF4E2_NA_4_NA_ribo8_1_SUG341
TSO-8,LYS23L,polysome_RCC4_VHL_EIF4E2_NA_4_NA_ribo8_1,polysome,RCC4,VHL,HIF1B,EIF4E2,NA,N,4,NA,ribo8,1,Yes,150,SUG968A3_S99_L007_R1_001.fastq.gz,CTCCTAGA,SUG968,polysome_RCC4_VHL_EIF4E2_NA_4_NA_ribo8,polysome_RCC4_VHL_EIF4E2_NA_4_NA_ribo8_1_SUG968
TSO-15,LYS23Q,polysome_RCC4_VHL_EIF4E2_NA_1_Torin1_ribo0A_1,polysome,RCC4,VHL,HIF1B,EIF4E2,NA,N,1,Torin1,ribo0A,1,Yes,150,SUG968A9_S72_L007_R1_001.fastq.gz,TGGTACAG,SUG968,polysome_RCC4_VHL_EIF4E2_NA_1_Torin1_ribo0A,polysome_RCC4_VHL_EIF4E2_NA_1_Torin1_ribo0A_1_SUG968
TSO-16,LYS23Q,polysome_RCC4_VHL_EIF4E2_NA_1_Torin1_ribo0B_1,polysome,RCC4,VHL,HIF1B,EIF4E2,NA,N,1,Torin1,ribo0B,1,Yes,150,SUG968A9_S72_L007_R1_001.fastq.gz,CAAGGTCT,SUG968,polysome_RCC4_VHL_EIF4E2_NA_1_Torin1_ribo0B,polysome_RCC4_VHL_EIF4E2_NA_1_Torin1_ribo0B_1_SUG968
TSO-3,LYS23Q,polysome_RCC4_VHL_EIF4E2_NA_3_Torin1_ribo0A_1,polysome,RCC4,VHL,HIF1B,EIF4E2,NA,N,3,Torin1,ribo0A,1,Yes,150,SUG968A9_S72_L007_R1_001.fastq.gz,GAATCCGA,SUG968,polysome_RCC4_VHL_EIF4E2_NA_3_Torin1_ribo0A,polysome_RCC4_VHL_EIF4E2_NA_3_Torin1_ribo0A_1_SUG968
TSO-4,LYS23Q,polysome_RCC4_VHL_EIF4E2_NA_3_Torin1_ribo0B_1,polysome,RCC4,VHL,HIF1B,EIF4E2,NA,N,3,Torin1,ribo0B,1,Yes,150,SUG968A9_S72_L007_R1_001.fastq.gz,GTACCTTG,SUG968,polysome_RCC4_VHL_EIF4E2_NA_3_Torin1_ribo0B,polysome_RCC4_VHL_EIF4E2_NA_3_Torin1_ribo0B_1_SUG968
TSO-8,LYS23N,polysome_RCC4_VHL_EIF4E2_NA_3_Torin1_ribo1_1,polysome,RCC4,VHL,HIF1B,EIF4E2,NA,N,3,Torin1,ribo1,1,Yes,150,SUG968A6_S102_L007_R1_001.fastq.gz,CTCCTAGA,SUG968,polysome_RCC4_VHL_EIF4E2_NA_3_Torin1_ribo1,polysome_RCC4_VHL_EIF4E2_NA_3_Torin1_ribo1_1_SUG968
TSO-7,LYS23N,polysome_RCC4_VHL_EIF4E2_NA_3_Torin1_ribo2_1,polysome,RCC4,VHL,HIF1B,EIF4E2,NA,N,3,Torin1,ribo2,1,Yes,150,SUG968A6_S102_L007_R1_001.fastq.gz,CGTATTCG,SUG968,polysome_RCC4_VHL_EIF4E2_NA_3_Torin1_ribo2,polysome_RCC4_VHL_EIF4E2_NA_3_Torin1_ribo2_1_SUG968
TSO-6,LYS23N,polysome_RCC4_VHL_EIF4E2_NA_3_Torin1_ribo3_1,polysome,RCC4,VHL,HIF1B,EIF4E2,NA,N,3,Torin1,ribo3,1,Yes,150,SUG968A6_S102_L007_R1_001.fastq.gz,TGACTGAC,SUG968,polysome_RCC4_VHL_EIF4E2_NA_3_Torin1_ribo3,polysome_RCC4_VHL_EIF4E2_NA_3_Torin1_ribo3_1_SUG968
TSO-5,LYS23N,polysome_RCC4_VHL_EIF4E2_NA_3_Torin1_ribo4_1,polysome,RCC4,VHL,HIF1B,EIF4E2,NA,N,3,Torin1,ribo4,1,Yes,150,SUG968A6_S102_L007_R1_001.fastq.gz,CATGAGGA,SUG968,polysome_RCC4_VHL_EIF4E2_NA_3_Torin1_ribo4,polysome_RCC4_VHL_EIF4E2_NA_3_Torin1_ribo4_1_SUG968
TSO-4,LYS23N,polysome_RCC4_VHL_EIF4E2_NA_3_Torin1_ribo5_1,polysome,RCC4,VHL,HIF1B,EIF4E2,NA,N,3,Torin1,ribo5,1,Yes,150,SUG968A6_S102_L007_R1_001.fastq.gz,GTACCTTG,SUG968,polysome_RCC4_VHL_EIF4E2_NA_3_Torin1_ribo5,polysome_RCC4_VHL_EIF4E2_NA_3_Torin1_ribo5_1_SUG968
TSO-3,LYS23N,polysome_RCC4_VHL_EIF4E2_NA_3_Torin1_ribo6_1,polysome,RCC4,VHL,HIF1B,EIF4E2,NA,N,3,Torin1,ribo6,1,Yes,150,SUG968A6_S102_L007_R1_001.fastq.gz,GAATCCGA,SUG968,polysome_RCC4_VHL_EIF4E2_NA_3_Torin1_ribo6,polysome_RCC4_VHL_EIF4E2_NA_3_Torin1_ribo6_1_SUG968
TSO-2,LYS23N,polysome_RCC4_VHL_EIF4E2_NA_3_Torin1_ribo7_1,polysome,RCC4,VHL,HIF1B,EIF4E2,NA,N,3,Torin1,ribo7,1,Yes,150,SUG968A6_S102_L007_R1_001.fastq.gz,AGGTCACT,SUG968,polysome_RCC4_VHL_EIF4E2_NA_3_Torin1_ribo7,polysome_RCC4_VHL_EIF4E2_NA_3_Torin1_ribo7_1_SUG968
TSO-1,LYS23N,polysome_RCC4_VHL_EIF4E2_NA_3_Torin1_ribo8_1,polysome,RCC4,VHL,HIF1B,EIF4E2,NA,N,3,Torin1,ribo8,1,Yes,150,SUG968A6_S102_L007_R1_001.fastq.gz,GTCGGTAA,SUG968,polysome_RCC4_VHL_EIF4E2_NA_3_Torin1_ribo8,polysome_RCC4_VHL_EIF4E2_NA_3_Torin1_ribo8_1_SUG968
TSO-7,LYS23Q,polysome_RCC4_VHL_EIF4E2_NA_4_Torin1_ribo0A_1,polysome,RCC4,VHL,HIF1B,EIF4E2,NA,N,4,Torin1,ribo0A,1,Yes,150,SUG968A9_S72_L007_R1_001.fastq.gz,CGTATTCG,SUG968,polysome_RCC4_VHL_EIF4E2_NA_4_Torin1_ribo0A,polysome_RCC4_VHL_EIF4E2_NA_4_Torin1_ribo0A_1_SUG968
TSO-8,LYS23Q,polysome_RCC4_VHL_EIF4E2_NA_4_Torin1_ribo0B_1,polysome,RCC4,VHL,HIF1B,EIF4E2,NA,N,4,Torin1,ribo0B,1,Yes,150,SUG968A9_S72_L007_R1_001.fastq.gz,CTCCTAGA,SUG968,polysome_RCC4_VHL_EIF4E2_NA_4_Torin1_ribo0B,polysome_RCC4_VHL_EIF4E2_NA_4_Torin1_ribo0B_1_SUG968
TSO-1,LYS23O,polysome_RCC4_VHL_EIF4E2_NA_4_Torin1_ribo1_1,polysome,RCC4,VHL,HIF1B,EIF4E2,NA,N,4,Torin1,ribo1,1,Yes,150,SUG968A7_S103_L007_R1_001.fastq.gz,GTCGGTAA,SUG968,polysome_RCC4_VHL_EIF4E2_NA_4_Torin1_ribo1,polysome_RCC4_VHL_EIF4E2_NA_4_Torin1_ribo1_1_SUG968
TSO-2,LYS23O,polysome_RCC4_VHL_EIF4E2_NA_4_Torin1_ribo2_1,polysome,RCC4,VHL,HIF1B,EIF4E2,NA,N,4,Torin1,ribo2,1,Yes,150,SUG968A7_S103_L007_R1_001.fastq.gz,AGGTCACT,SUG968,polysome_RCC4_VHL_EIF4E2_NA_4_Torin1_ribo2,polysome_RCC4_VHL_EIF4E2_NA_4_Torin1_ribo2_1_SUG968
TSO-3,LYS23O,polysome_RCC4_VHL_EIF4E2_NA_4_Torin1_ribo3_1,polysome,RCC4,VHL,HIF1B,EIF4E2,NA,N,4,Torin1,ribo3,1,Yes,150,SUG968A7_S103_L007_R1_001.fastq.gz,GAATCCGA,SUG968,polysome_RCC4_VHL_EIF4E2_NA_4_Torin1_ribo3,polysome_RCC4_VHL_EIF4E2_NA_4_Torin1_ribo3_1_SUG968
TSO-4,LYS23O,polysome_RCC4_VHL_EIF4E2_NA_4_Torin1_ribo4_1,polysome,RCC4,VHL,HIF1B,EIF4E2,NA,N,4,Torin1,ribo4,1,Yes,150,SUG968A7_S103_L007_R1_001.fastq.gz,GTACCTTG,SUG968,polysome_RCC4_VHL_EIF4E2_NA_4_Torin1_ribo4,polysome_RCC4_VHL_EIF4E2_NA_4_Torin1_ribo4_1_SUG968
TSO-5,LYS23O,polysome_RCC4_VHL_EIF4E2_NA_4_Torin1_ribo5_1,polysome,RCC4,VHL,HIF1B,EIF4E2,NA,N,4,Torin1,ribo5,1,Yes,150,SUG968A7_S103_L007_R1_001.fastq.gz,CATGAGGA,SUG968,polysome_RCC4_VHL_EIF4E2_NA_4_Torin1_ribo5,polysome_RCC4_VHL_EIF4E2_NA_4_Torin1_ribo5_1_SUG968
TSO-6,LYS23O,polysome_RCC4_VHL_EIF4E2_NA_4_Torin1_ribo6_1,polysome,RCC4,VHL,HIF1B,EIF4E2,NA,N,4,Torin1,ribo6,1,Yes,150,SUG968A7_S103_L007_R1_001.fastq.gz,TGACTGAC,SUG968,polysome_RCC4_VHL_EIF4E2_NA_4_Torin1_ribo6,polysome_RCC4_VHL_EIF4E2_NA_4_Torin1_ribo6_1_SUG968
TSO-7,LYS23O,polysome_RCC4_VHL_EIF4E2_NA_4_Torin1_ribo7_1,polysome,RCC4,VHL,HIF1B,EIF4E2,NA,N,4,Torin1,ribo7,1,Yes,150,SUG968A7_S103_L007_R1_001.fastq.gz,CGTATTCG,SUG968,polysome_RCC4_VHL_EIF4E2_NA_4_Torin1_ribo7,polysome_RCC4_VHL_EIF4E2_NA_4_Torin1_ribo7_1_SUG968
TSO-8,LYS23O,polysome_RCC4_VHL_EIF4E2_NA_4_Torin1_ribo8_1,polysome,RCC4,VHL,HIF1B,EIF4E2,NA,N,4,Torin1,ribo8,1,Yes,150,SUG968A7_S103_L007_R1_001.fastq.gz,CTCCTAGA,SUG968,polysome_RCC4_VHL_EIF4E2_NA_4_Torin1_ribo8,polysome_RCC4_VHL_EIF4E2_NA_4_Torin1_ribo8_1_SUG968
TSO-1,LYS23P,polysome_RCC4_noVHL_EIF4E2_NA_1_NA_ribo0A_1,polysome,RCC4,noVHL,HIF1B,EIF4E2,NA,N,1,NA,ribo0A,1,Yes,75,SUG968A8_S71_L007_R1_001.fastq.gz,GTCGGTAA,SUG968,polysome_RCC4_noVHL_EIF4E2_NA_1_NA_ribo0A,polysome_RCC4_noVHL_EIF4E2_NA_1_NA_ribo0A_1_SUG968
TSO-2,LYS23P,polysome_RCC4_noVHL_EIF4E2_NA_1_NA_ribo0B_1,polysome,RCC4,noVHL,HIF1B,EIF4E2,NA,N,1,NA,ribo0B,1,Yes,75,SUG968A8_S71_L007_R1_001.fastq.gz,AGGTCACT,SUG968,polysome_RCC4_noVHL_EIF4E2_NA_1_NA_ribo0B,polysome_RCC4_noVHL_EIF4E2_NA_1_NA_ribo0B_1_SUG968
TSO-1,LYS23J,polysome_RCC4_noVHL_EIF4E2_NA_1_NA_ribo1_1,polysome,RCC4,noVHL,HIF1B,EIF4E2,NA,N,1,NA,ribo1,1,Yes,75,SUG341A16_S7_L001_R1_001.fastq.gz,GTCGGTAA,SUG341,polysome_RCC4_noVHL_EIF4E2_NA_1_NA_ribo1,polysome_RCC4_noVHL_EIF4E2_NA_1_NA_ribo1_1_SUG341
TSO-1,LYS23J,polysome_RCC4_noVHL_EIF4E2_NA_1_NA_ribo1_1,polysome,RCC4,noVHL,HIF1B,EIF4E2,NA,N,1,NA,ribo1,1,Yes,75,SUG968A1_S97_L007_R1_001.fastq.gz,GTCGGTAA,SUG968,polysome_RCC4_noVHL_EIF4E2_NA_1_NA_ribo1,polysome_RCC4_noVHL_EIF4E2_NA_1_NA_ribo1_1_SUG968
TSO-2,LYS23J,polysome_RCC4_noVHL_EIF4E2_NA_1_NA_ribo2_1,polysome,RCC4,noVHL,HIF1B,EIF4E2,NA,N,1,NA,ribo2,1,Yes,75,SUG341A16_S7_L001_R1_001.fastq.gz,AGGTCACT,SUG341,polysome_RCC4_noVHL_EIF4E2_NA_1_NA_ribo2,polysome_RCC4_noVHL_EIF4E2_NA_1_NA_ribo2_1_SUG341
TSO-2,LYS23J,polysome_RCC4_noVHL_EIF4E2_NA_1_NA_ribo2_1,polysome,RCC4,noVHL,HIF1B,EIF4E2,NA,N,1,NA,ribo2,1,Yes,75,SUG968A1_S97_L007_R1_001.fastq.gz,AGGTCACT,SUG968,polysome_RCC4_noVHL_EIF4E2_NA_1_NA_ribo2,polysome_RCC4_noVHL_EIF4E2_NA_1_NA_ribo2_1_SUG968
TSO-3,LYS23J,polysome_RCC4_noVHL_EIF4E2_NA_1_NA_ribo3_1,polysome,RCC4,noVHL,HIF1B,EIF4E2,NA,N,1,NA,ribo3,1,Yes,75,SUG341A16_S7_L001_R1_001.fastq.gz,GAATCCGA,SUG341,polysome_RCC4_noVHL_EIF4E2_NA_1_NA_ribo3,polysome_RCC4_noVHL_EIF4E2_NA_1_NA_ribo3_1_SUG341
TSO-3,LYS23J,polysome_RCC4_noVHL_EIF4E2_NA_1_NA_ribo3_1,polysome,RCC4,noVHL,HIF1B,EIF4E2,NA,N,1,NA,ribo3,1,Yes,75,SUG968A1_S97_L007_R1_001.fastq.gz,GAATCCGA,SUG968,polysome_RCC4_noVHL_EIF4E2_NA_1_NA_ribo3,polysome_RCC4_noVHL_EIF4E2_NA_1_NA_ribo3_1_SUG968
TSO-4,LYS23J,polysome_RCC4_noVHL_EIF4E2_NA_1_NA_ribo4_1,polysome,RCC4,noVHL,HIF1B,EIF4E2,NA,N,1,NA,ribo4,1,Yes,75,SUG341A16_S7_L001_R1_001.fastq.gz,GTACCTTG,SUG341,polysome_RCC4_noVHL_EIF4E2_NA_1_NA_ribo4,polysome_RCC4_noVHL_EIF4E2_NA_1_NA_ribo4_1_SUG341
TSO-4,LYS23J,polysome_RCC4_noVHL_EIF4E2_NA_1_NA_ribo4_1,polysome,RCC4,noVHL,HIF1B,EIF4E2,NA,N,1,NA,ribo4,1,Yes,75,SUG968A1_S97_L007_R1_001.fastq.gz,GTACCTTG,SUG968,polysome_RCC4_noVHL_EIF4E2_NA_1_NA_ribo4,polysome_RCC4_noVHL_EIF4E2_NA_1_NA_ribo4_1_SUG968
TSO-5,LYS23J,polysome_RCC4_noVHL_EIF4E2_NA_1_NA_ribo5_1,polysome,RCC4,noVHL,HIF1B,EIF4E2,NA,N,1,NA,ribo5,1,Yes,75,SUG341A16_S7_L001_R1_001.fastq.gz,CATGAGGA,SUG341,polysome_RCC4_noVHL_EIF4E2_NA_1_NA_ribo5,polysome_RCC4_noVHL_EIF4E2_NA_1_NA_ribo5_1_SUG341
TSO-5,LYS23J,polysome_RCC4_noVHL_EIF4E2_NA_1_NA_ribo5_1,polysome,RCC4,noVHL,HIF1B,EIF4E2,NA,N,1,NA,ribo5,1,Yes,75,SUG968A1_S97_L007_R1_001.fastq.gz,CATGAGGA,SUG968,polysome_RCC4_noVHL_EIF4E2_NA_1_NA_ribo5,polysome_RCC4_noVHL_EIF4E2_NA_1_NA_ribo5_1_SUG968
TSO-6,LYS23J,polysome_RCC4_noVHL_EIF4E2_NA_1_NA_ribo6_1,polysome,RCC4,noVHL,HIF1B,EIF4E2,NA,N,1,NA,ribo6,1,Yes,75,SUG341A16_S7_L001_R1_001.fastq.gz,TGACTGAC,SUG341,polysome_RCC4_noVHL_EIF4E2_NA_1_NA_ribo6,polysome_RCC4_noVHL_EIF4E2_NA_1_NA_ribo6_1_SUG341
TSO-6,LYS23J,polysome_RCC4_noVHL_EIF4E2_NA_1_NA_ribo6_1,polysome,RCC4,noVHL,HIF1B,EIF4E2,NA,N,1,NA,ribo6,1,Yes,75,SUG968A1_S97_L007_R1_001.fastq.gz,TGACTGAC,SUG968,polysome_RCC4_noVHL_EIF4E2_NA_1_NA_ribo6,polysome_RCC4_noVHL_EIF4E2_NA_1_NA_ribo6_1_SUG968
TSO-7,LYS23J,polysome_RCC4_noVHL_EIF4E2_NA_1_NA_ribo7_1,polysome,RCC4,noVHL,HIF1B,EIF4E2,NA,N,1,NA,ribo7,1,Yes,75,SUG341A16_S7_L001_R1_001.fastq.gz,CGTATTCG,SUG341,polysome_RCC4_noVHL_EIF4E2_NA_1_NA_ribo7,polysome_RCC4_noVHL_EIF4E2_NA_1_NA_ribo7_1_SUG341
TSO-7,LYS23J,polysome_RCC4_noVHL_EIF4E2_NA_1_NA_ribo7_1,polysome,RCC4,noVHL,HIF1B,EIF4E2,NA,N,1,NA,ribo7,1,Yes,75,SUG968A1_S97_L007_R1_001.fastq.gz,CGTATTCG,SUG968,polysome_RCC4_noVHL_EIF4E2_NA_1_NA_ribo7,polysome_RCC4_noVHL_EIF4E2_NA_1_NA_ribo7_1_SUG968
TSO-8,LYS23J,polysome_RCC4_noVHL_EIF4E2_NA_1_NA_ribo8_1,polysome,RCC4,noVHL,HIF1B,EIF4E2,NA,N,1,NA,ribo8,1,Yes,75,SUG341A16_S7_L001_R1_001.fastq.gz,CTCCTAGA,SUG341,polysome_RCC4_noVHL_EIF4E2_NA_1_NA_ribo8,polysome_RCC4_noVHL_EIF4E2_NA_1_NA_ribo8_1_SUG341
TSO-8,LYS23J,polysome_RCC4_noVHL_EIF4E2_NA_1_NA_ribo8_1,polysome,RCC4,noVHL,HIF1B,EIF4E2,NA,N,1,NA,ribo8,1,Yes,75,SUG968A1_S97_L007_R1_001.fastq.gz,CTCCTAGA,SUG968,polysome_RCC4_noVHL_EIF4E2_NA_1_NA_ribo8,polysome_RCC4_noVHL_EIF4E2_NA_1_NA_ribo8_1_SUG968
TSO-5,LYS23P,polysome_RCC4_noVHL_EIF4E2_NA_3_NA_ribo0A_1,polysome,RCC4,noVHL,HIF1B,EIF4E2,NA,N,3,NA,ribo0A,1,Yes,150,SUG968A8_S71_L007_R1_001.fastq.gz,CATGAGGA,SUG968,polysome_RCC4_noVHL_EIF4E2_NA_3_NA_ribo0A,polysome_RCC4_noVHL_EIF4E2_NA_3_NA_ribo0A_1_SUG968
TSO-6,LYS23P,polysome_RCC4_noVHL_EIF4E2_NA_3_NA_ribo0B_1,polysome,RCC4,noVHL,HIF1B,EIF4E2,NA,N,3,NA,ribo0B,1,Yes,150,SUG968A8_S71_L007_R1_001.fastq.gz,TGACTGAC,SUG968,polysome_RCC4_noVHL_EIF4E2_NA_3_NA_ribo0B,polysome_RCC4_noVHL_EIF4E2_NA_3_NA_ribo0B_1_SUG968
TSO-16,LYS23K,polysome_RCC4_noVHL_EIF4E2_NA_3_NA_ribo1_1,polysome,RCC4,noVHL,HIF1B,EIF4E2,NA,N,3,NA,ribo1,1,Yes,150,SUG341A17_S8_L001_R1_001.fastq.gz,CAAGGTCT,SUG341,polysome_RCC4_noVHL_EIF4E2_NA_3_NA_ribo1,polysome_RCC4_noVHL_EIF4E2_NA_3_NA_ribo1_1_SUG341
TSO-16,LYS23K,polysome_RCC4_noVHL_EIF4E2_NA_3_NA_ribo1_1,polysome,RCC4,noVHL,HIF1B,EIF4E2,NA,N,3,NA,ribo1,1,Yes,150,SUG968A2_S98_L007_R1_001.fastq.gz,CAAGGTCT,SUG968,polysome_RCC4_noVHL_EIF4E2_NA_3_NA_ribo1,polysome_RCC4_noVHL_EIF4E2_NA_3_NA_ribo1_1_SUG968
TSO-15,LYS23K,polysome_RCC4_noVHL_EIF4E2_NA_3_NA_ribo2_1,polysome,RCC4,noVHL,HIF1B,EIF4E2,NA,N,3,NA,ribo2,1,Yes,150,SUG341A17_S8_L001_R1_001.fastq.gz,TGGTACAG,SUG341,polysome_RCC4_noVHL_EIF4E2_NA_3_NA_ribo2,polysome_RCC4_noVHL_EIF4E2_NA_3_NA_ribo2_1_SUG341
TSO-15,LYS23K,polysome_RCC4_noVHL_EIF4E2_NA_3_NA_ribo2_1,polysome,RCC4,noVHL,HIF1B,EIF4E2,NA,N,3,NA,ribo2,1,Yes,150,SUG968A2_S98_L007_R1_001.fastq.gz,TGGTACAG,SUG968,polysome_RCC4_noVHL_EIF4E2_NA_3_NA_ribo2,polysome_RCC4_noVHL_EIF4E2_NA_3_NA_ribo2_1_SUG968
TSO-14,LYS23K,polysome_RCC4_noVHL_EIF4E2_NA_3_NA_ribo3_1,polysome,RCC4,noVHL,HIF1B,EIF4E2,NA,N,3,NA,ribo3,1,Yes,150,SUG341A17_S8_L001_R1_001.fastq.gz,GATAGGCT,SUG341,polysome_RCC4_noVHL_EIF4E2_NA_3_NA_ribo3,polysome_RCC4_noVHL_EIF4E2_NA_3_NA_ribo3_1_SUG341
TSO-14,LYS23K,polysome_RCC4_noVHL_EIF4E2_NA_3_NA_ribo3_1,polysome,RCC4,noVHL,HIF1B,EIF4E2,NA,N,3,NA,ribo3,1,Yes,150,SUG968A2_S98_L007_R1_001.fastq.gz,GATAGGCT,SUG968,polysome_RCC4_noVHL_EIF4E2_NA_3_NA_ribo3,polysome_RCC4_noVHL_EIF4E2_NA_3_NA_ribo3_1_SUG968
TSO-13,LYS23K,polysome_RCC4_noVHL_EIF4E2_NA_3_NA_ribo4_1,polysome,RCC4,noVHL,HIF1B,EIF4E2,NA,N,3,NA,ribo4,1,Yes,150,SUG341A17_S8_L001_R1_001.fastq.gz,TCAGACGA,SUG341,polysome_RCC4_noVHL_EIF4E2_NA_3_NA_ribo4,polysome_RCC4_noVHL_EIF4E2_NA_3_NA_ribo4_1_SUG341
TSO-13,LYS23K,polysome_RCC4_noVHL_EIF4E2_NA_3_NA_ribo4_1,polysome,RCC4,noVHL,HIF1B,EIF4E2,NA,N,3,NA,ribo4,1,Yes,150,SUG968A2_S98_L007_R1_001.fastq.gz,TCAGACGA,SUG968,polysome_RCC4_noVHL_EIF4E2_NA_3_NA_ribo4,polysome_RCC4_noVHL_EIF4E2_NA_3_NA_ribo4_1_SUG968
TSO-12,LYS23K,polysome_RCC4_noVHL_EIF4E2_NA_3_NA_ribo5_1,polysome,RCC4,noVHL,HIF1B,EIF4E2,NA,N,3,NA,ribo5,1,Yes,150,SUG341A17_S8_L001_R1_001.fastq.gz,TAATGCCG,SUG341,polysome_RCC4_noVHL_EIF4E2_NA_3_NA_ribo5,polysome_RCC4_noVHL_EIF4E2_NA_3_NA_ribo5_1_SUG341
TSO-12,LYS23K,polysome_RCC4_noVHL_EIF4E2_NA_3_NA_ribo5_1,polysome,RCC4,noVHL,HIF1B,EIF4E2,NA,N,3,NA,ribo5,1,Yes,150,SUG968A2_S98_L007_R1_001.fastq.gz,TAATGCCG,SUG968,polysome_RCC4_noVHL_EIF4E2_NA_3_NA_ribo5,polysome_RCC4_noVHL_EIF4E2_NA_3_NA_ribo5_1_SUG968
TSO-11,LYS23K,polysome_RCC4_noVHL_EIF4E2_NA_3_NA_ribo6_1,polysome,RCC4,noVHL,HIF1B,EIF4E2,NA,N,3,NA,ribo6,1,Yes,150,SUG341A17_S8_L001_R1_001.fastq.gz,AGGTGTAC,SUG341,polysome_RCC4_noVHL_EIF4E2_NA_3_NA_ribo6,polysome_RCC4_noVHL_EIF4E2_NA_3_NA_ribo6_1_SUG341
TSO-11,LYS23K,polysome_RCC4_noVHL_EIF4E2_NA_3_NA_ribo6_1,polysome,RCC4,noVHL,HIF1B,EIF4E2,NA,N,3,NA,ribo6,1,Yes,150,SUG968A2_S98_L007_R1_001.fastq.gz,AGGTGTAC,SUG968,polysome_RCC4_noVHL_EIF4E2_NA_3_NA_ribo6,polysome_RCC4_noVHL_EIF4E2_NA_3_NA_ribo6_1_SUG968
TSO-10,LYS23K,polysome_RCC4_noVHL_EIF4E2_NA_3_NA_ribo7_1,polysome,RCC4,noVHL,HIF1B,EIF4E2,NA,N,3,NA,ribo7,1,Yes,150,SUG341A17_S8_L001_R1_001.fastq.gz,GAGATACG,SUG341,polysome_RCC4_noVHL_EIF4E2_NA_3_NA_ribo7,polysome_RCC4_noVHL_EIF4E2_NA_3_NA_ribo7_1_SUG341
TSO-10,LYS23K,polysome_RCC4_noVHL_EIF4E2_NA_3_NA_ribo7_1,polysome,RCC4,noVHL,HIF1B,EIF4E2,NA,N,3,NA,ribo7,1,Yes,150,SUG968A2_S98_L007_R1_001.fastq.gz,GAGATACG,SUG968,polysome_RCC4_noVHL_EIF4E2_NA_3_NA_ribo7,polysome_RCC4_noVHL_EIF4E2_NA_3_NA_ribo7_1_SUG968
TSO-9,LYS23K,polysome_RCC4_noVHL_EIF4E2_NA_3_NA_ribo8_1,polysome,RCC4,noVHL,HIF1B,EIF4E2,NA,N,3,NA,ribo8,1,Yes,150,SUG341A17_S8_L001_R1_001.fastq.gz,TAGTTGCG,SUG341,polysome_RCC4_noVHL_EIF4E2_NA_3_NA_ribo8,polysome_RCC4_noVHL_EIF4E2_NA_3_NA_ribo8_1_SUG341
TSO-9,LYS23K,polysome_RCC4_noVHL_EIF4E2_NA_3_NA_ribo8_1,polysome,RCC4,noVHL,HIF1B,EIF4E2,NA,N,3,NA,ribo8,1,Yes,150,SUG968A2_S98_L007_R1_001.fastq.gz,TAGTTGCG,SUG968,polysome_RCC4_noVHL_EIF4E2_NA_3_NA_ribo8,polysome_RCC4_noVHL_EIF4E2_NA_3_NA_ribo8_1_SUG968
TSO-9,LYS23P,polysome_RCC4_noVHL_EIF4E2_NA_4_NA_ribo0A_1,polysome,RCC4,noVHL,HIF1B,EIF4E2,NA,N,4,NA,ribo0A,1,Yes,150,SUG968A8_S71_L007_R1_001.fastq.gz,TAGTTGCG,SUG968,polysome_RCC4_noVHL_EIF4E2_NA_4_NA_ribo0A,polysome_RCC4_noVHL_EIF4E2_NA_4_NA_ribo0A_1_SUG968
TSO-10,LYS23P,polysome_RCC4_noVHL_EIF4E2_NA_4_NA_ribo0B_1,polysome,RCC4,noVHL,HIF1B,EIF4E2,NA,N,4,NA,ribo0B,1,Yes,150,SUG968A8_S71_L007_R1_001.fastq.gz,GAGATACG,SUG968,polysome_RCC4_noVHL_EIF4E2_NA_4_NA_ribo0B,polysome_RCC4_noVHL_EIF4E2_NA_4_NA_ribo0B_1_SUG968
TSO-9,LYS23L,polysome_RCC4_noVHL_EIF4E2_NA_4_NA_ribo1_1,polysome,RCC4,noVHL,HIF1B,EIF4E2,NA,N,4,NA,ribo1,1,Yes,150,SUG341A18_S9_L001_R1_001.fastq.gz,TAGTTGCG,SUG341,polysome_RCC4_noVHL_EIF4E2_NA_4_NA_ribo1,polysome_RCC4_noVHL_EIF4E2_NA_4_NA_ribo1_1_SUG341
TSO-9,LYS23L,polysome_RCC4_noVHL_EIF4E2_NA_4_NA_ribo1_1,polysome,RCC4,noVHL,HIF1B,EIF4E2,NA,N,4,NA,ribo1,1,Yes,150,SUG968A3_S99_L007_R1_001.fastq.gz,TAGTTGCG,SUG968,polysome_RCC4_noVHL_EIF4E2_NA_4_NA_ribo1,polysome_RCC4_noVHL_EIF4E2_NA_4_NA_ribo1_1_SUG968
TSO-10,LYS23L,polysome_RCC4_noVHL_EIF4E2_NA_4_NA_ribo2_1,polysome,RCC4,noVHL,HIF1B,EIF4E2,NA,N,4,NA,ribo2,1,Yes,150,SUG341A18_S9_L001_R1_001.fastq.gz,GAGATACG,SUG341,polysome_RCC4_noVHL_EIF4E2_NA_4_NA_ribo2,polysome_RCC4_noVHL_EIF4E2_NA_4_NA_ribo2_1_SUG341
TSO-10,LYS23L,polysome_RCC4_noVHL_EIF4E2_NA_4_NA_ribo2_1,polysome,RCC4,noVHL,HIF1B,EIF4E2,NA,N,4,NA,ribo2,1,Yes,150,SUG968A3_S99_L007_R1_001.fastq.gz,GAGATACG,SUG968,polysome_RCC4_noVHL_EIF4E2_NA_4_NA_ribo2,polysome_RCC4_noVHL_EIF4E2_NA_4_NA_ribo2_1_SUG968
TSO-11,LYS23L,polysome_RCC4_noVHL_EIF4E2_NA_4_NA_ribo3_1,polysome,RCC4,noVHL,HIF1B,EIF4E2,NA,N,4,NA,ribo3,1,Yes,150,SUG341A18_S9_L001_R1_001.fastq.gz,AGGTGTAC,SUG341,polysome_RCC4_noVHL_EIF4E2_NA_4_NA_ribo3,polysome_RCC4_noVHL_EIF4E2_NA_4_NA_ribo3_1_SUG341
TSO-11,LYS23L,polysome_RCC4_noVHL_EIF4E2_NA_4_NA_ribo3_1,polysome,RCC4,noVHL,HIF1B,EIF4E2,NA,N,4,NA,ribo3,1,Yes,150,SUG968A3_S99_L007_R1_001.fastq.gz,AGGTGTAC,SUG968,polysome_RCC4_noVHL_EIF4E2_NA_4_NA_ribo3,polysome_RCC4_noVHL_EIF4E2_NA_4_NA_ribo3_1_SUG968
TSO-12,LYS23L,polysome_RCC4_noVHL_EIF4E2_NA_4_NA_ribo4_1,polysome,RCC4,noVHL,HIF1B,EIF4E2,NA,N,4,NA,ribo4,1,Yes,150,SUG341A18_S9_L001_R1_001.fastq.gz,TAATGCCG,SUG341,polysome_RCC4_noVHL_EIF4E2_NA_4_NA_ribo4,polysome_RCC4_noVHL_EIF4E2_NA_4_NA_ribo4_1_SUG341
TSO-12,LYS23L,polysome_RCC4_noVHL_EIF4E2_NA_4_NA_ribo4_1,polysome,RCC4,noVHL,HIF1B,EIF4E2,NA,N,4,NA,ribo4,1,Yes,150,SUG968A3_S99_L007_R1_001.fastq.gz,TAATGCCG,SUG968,polysome_RCC4_noVHL_EIF4E2_NA_4_NA_ribo4,polysome_RCC4_noVHL_EIF4E2_NA_4_NA_ribo4_1_SUG968
TSO-13,LYS23L,polysome_RCC4_noVHL_EIF4E2_NA_4_NA_ribo5_1,polysome,RCC4,noVHL,HIF1B,EIF4E2,NA,N,4,NA,ribo5,1,Yes,150,SUG341A18_S9_L001_R1_001.fastq.gz,TCAGACGA,SUG341,polysome_RCC4_noVHL_EIF4E2_NA_4_NA_ribo5,polysome_RCC4_noVHL_EIF4E2_NA_4_NA_ribo5_1_SUG341
TSO-13,LYS23L,polysome_RCC4_noVHL_EIF4E2_NA_4_NA_ribo5_1,polysome,RCC4,noVHL,HIF1B,EIF4E2,NA,N,4,NA,ribo5,1,Yes,150,SUG968A3_S99_L007_R1_001.fastq.gz,TCAGACGA,SUG968,polysome_RCC4_noVHL_EIF4E2_NA_4_NA_ribo5,polysome_RCC4_noVHL_EIF4E2_NA_4_NA_ribo5_1_SUG968
TSO-14,LYS23L,polysome_RCC4_noVHL_EIF4E2_NA_4_NA_ribo6_1,polysome,RCC4,noVHL,HIF1B,EIF4E2,NA,N,4,NA,ribo6,1,Yes,150,SUG341A18_S9_L001_R1_001.fastq.gz,GATAGGCT,SUG341,polysome_RCC4_noVHL_EIF4E2_NA_4_NA_ribo6,polysome_RCC4_noVHL_EIF4E2_NA_4_NA_ribo6_1_SUG341
TSO-14,LYS23L,polysome_RCC4_noVHL_EIF4E2_NA_4_NA_ribo6_1,polysome,RCC4,noVHL,HIF1B,EIF4E2,NA,N,4,NA,ribo6,1,Yes,150,SUG968A3_S99_L007_R1_001.fastq.gz,GATAGGCT,SUG968,polysome_RCC4_noVHL_EIF4E2_NA_4_NA_ribo6,polysome_RCC4_noVHL_EIF4E2_NA_4_NA_ribo6_1_SUG968
TSO-15,LYS23L,polysome_RCC4_noVHL_EIF4E2_NA_4_NA_ribo7_1,polysome,RCC4,noVHL,HIF1B,EIF4E2,NA,N,4,NA,ribo7,1,Yes,150,SUG341A18_S9_L001_R1_001.fastq.gz,TGGTACAG,SUG341,polysome_RCC4_noVHL_EIF4E2_NA_4_NA_ribo7,polysome_RCC4_noVHL_EIF4E2_NA_4_NA_ribo7_1_SUG341
TSO-15,LYS23L,polysome_RCC4_noVHL_EIF4E2_NA_4_NA_ribo7_1,polysome,RCC4,noVHL,HIF1B,EIF4E2,NA,N,4,NA,ribo7,1,Yes,150,SUG968A3_S99_L007_R1_001.fastq.gz,TGGTACAG,SUG968,polysome_RCC4_noVHL_EIF4E2_NA_4_NA_ribo7,polysome_RCC4_noVHL_EIF4E2_NA_4_NA_ribo7_1_SUG968
TSO-16,LYS23L,polysome_RCC4_noVHL_EIF4E2_NA_4_NA_ribo8_1,polysome,RCC4,noVHL,HIF1B,EIF4E2,NA,N,4,NA,ribo8,1,Yes,150,SUG341A18_S9_L001_R1_001.fastq.gz,CAAGGTCT,SUG341,polysome_RCC4_noVHL_EIF4E2_NA_4_NA_ribo8,polysome_RCC4_noVHL_EIF4E2_NA_4_NA_ribo8_1_SUG341
TSO-16,LYS23L,polysome_RCC4_noVHL_EIF4E2_NA_4_NA_ribo8_1,polysome,RCC4,noVHL,HIF1B,EIF4E2,NA,N,4,NA,ribo8,1,Yes,150,SUG968A3_S99_L007_R1_001.fastq.gz,CAAGGTCT,SUG968,polysome_RCC4_noVHL_EIF4E2_NA_4_NA_ribo8,polysome_RCC4_noVHL_EIF4E2_NA_4_NA_ribo8_1_SUG968
TSO-13,LYS23Q,polysome_RCC4_noVHL_EIF4E2_NA_1_Torin1_ribo0A_1,polysome,RCC4,noVHL,HIF1B,EIF4E2,NA,N,1,Torin1,ribo0A,1,Yes,150,SUG968A9_S72_L007_R1_001.fastq.gz,TCAGACGA,SUG968,polysome_RCC4_noVHL_EIF4E2_NA_1_Torin1_ribo0A,polysome_RCC4_noVHL_EIF4E2_NA_1_Torin1_ribo0A_1_SUG968
TSO-14,LYS23Q,polysome_RCC4_noVHL_EIF4E2_NA_1_Torin1_ribo0B_1,polysome,RCC4,noVHL,HIF1B,EIF4E2,NA,N,1,Torin1,ribo0B,1,Yes,150,SUG968A9_S72_L007_R1_001.fastq.gz,GATAGGCT,SUG968,polysome_RCC4_noVHL_EIF4E2_NA_1_Torin1_ribo0B,polysome_RCC4_noVHL_EIF4E2_NA_1_Torin1_ribo0B_1_SUG968
TSO-1,LYS23Q,polysome_RCC4_noVHL_EIF4E2_NA_3_Torin1_ribo0A_1,polysome,RCC4,noVHL,HIF1B,EIF4E2,NA,N,3,Torin1,ribo0A,1,Yes,150,SUG968A9_S72_L007_R1_001.fastq.gz,GTCGGTAA,SUG968,polysome_RCC4_noVHL_EIF4E2_NA_3_Torin1_ribo0A,polysome_RCC4_noVHL_EIF4E2_NA_3_Torin1_ribo0A_1_SUG968
TSO-2,LYS23Q,polysome_RCC4_noVHL_EIF4E2_NA_3_Torin1_ribo0B_1,polysome,RCC4,noVHL,HIF1B,EIF4E2,NA,N,3,Torin1,ribo0B,1,Yes,150,SUG968A9_S72_L007_R1_001.fastq.gz,AGGTCACT,SUG968,polysome_RCC4_noVHL_EIF4E2_NA_3_Torin1_ribo0B,polysome_RCC4_noVHL_EIF4E2_NA_3_Torin1_ribo0B_1_SUG968
TSO-16,LYS23N,polysome_RCC4_noVHL_EIF4E2_NA_3_Torin1_ribo1_1,polysome,RCC4,noVHL,HIF1B,EIF4E2,NA,N,3,Torin1,ribo1,1,Yes,150,SUG968A6_S102_L007_R1_001.fastq.gz,CAAGGTCT,SUG968,polysome_RCC4_noVHL_EIF4E2_NA_3_Torin1_ribo1,polysome_RCC4_noVHL_EIF4E2_NA_3_Torin1_ribo1_1_SUG968
TSO-15,LYS23N,polysome_RCC4_noVHL_EIF4E2_NA_3_Torin1_ribo2_1,polysome,RCC4,noVHL,HIF1B,EIF4E2,NA,N,3,Torin1,ribo2,1,Yes,150,SUG968A6_S102_L007_R1_001.fastq.gz,TGGTACAG,SUG968,polysome_RCC4_noVHL_EIF4E2_NA_3_Torin1_ribo2,polysome_RCC4_noVHL_EIF4E2_NA_3_Torin1_ribo2_1_SUG968
TSO-14,LYS23N,polysome_RCC4_noVHL_EIF4E2_NA_3_Torin1_ribo3_1,polysome,RCC4,noVHL,HIF1B,EIF4E2,NA,N,3,Torin1,ribo3,1,Yes,150,SUG968A6_S102_L007_R1_001.fastq.gz,GATAGGCT,SUG968,polysome_RCC4_noVHL_EIF4E2_NA_3_Torin1_ribo3,polysome_RCC4_noVHL_EIF4E2_NA_3_Torin1_ribo3_1_SUG968
TSO-13,LYS23N,polysome_RCC4_noVHL_EIF4E2_NA_3_Torin1_ribo4_1,polysome,RCC4,noVHL,HIF1B,EIF4E2,NA,N,3,Torin1,ribo4,1,Yes,150,SUG968A6_S102_L007_R1_001.fastq.gz,TCAGACGA,SUG968,polysome_RCC4_noVHL_EIF4E2_NA_3_Torin1_ribo4,polysome_RCC4_noVHL_EIF4E2_NA_3_Torin1_ribo4_1_SUG968
TSO-12,LYS23N,polysome_RCC4_noVHL_EIF4E2_NA_3_Torin1_ribo5_1,polysome,RCC4,noVHL,HIF1B,EIF4E2,NA,N,3,Torin1,ribo5,1,Yes,150,SUG968A6_S102_L007_R1_001.fastq.gz,TAATGCCG,SUG968,polysome_RCC4_noVHL_EIF4E2_NA_3_Torin1_ribo5,polysome_RCC4_noVHL_EIF4E2_NA_3_Torin1_ribo5_1_SUG968
TSO-11,LYS23N,polysome_RCC4_noVHL_EIF4E2_NA_3_Torin1_ribo6_1,polysome,RCC4,noVHL,HIF1B,EIF4E2,NA,N,3,Torin1,ribo6,1,Yes,150,SUG968A6_S102_L007_R1_001.fastq.gz,AGGTGTAC,SUG968,polysome_RCC4_noVHL_EIF4E2_NA_3_Torin1_ribo6,polysome_RCC4_noVHL_EIF4E2_NA_3_Torin1_ribo6_1_SUG968
TSO-10,LYS23N,polysome_RCC4_noVHL_EIF4E2_NA_3_Torin1_ribo7_1,polysome,RCC4,noVHL,HIF1B,EIF4E2,NA,N,3,Torin1,ribo7,1,Yes,150,SUG968A6_S102_L007_R1_001.fastq.gz,GAGATACG,SUG968,polysome_RCC4_noVHL_EIF4E2_NA_3_Torin1_ribo7,polysome_RCC4_noVHL_EIF4E2_NA_3_Torin1_ribo7_1_SUG968
TSO-9,LYS23N,polysome_RCC4_noVHL_EIF4E2_NA_3_Torin1_ribo8_1,polysome,RCC4,noVHL,HIF1B,EIF4E2,NA,N,3,Torin1,ribo8,1,Yes,150,SUG968A6_S102_L007_R1_001.fastq.gz,TAGTTGCG,SUG968,polysome_RCC4_noVHL_EIF4E2_NA_3_Torin1_ribo8,polysome_RCC4_noVHL_EIF4E2_NA_3_Torin1_ribo8_1_SUG968
TSO-5,LYS23Q,polysome_RCC4_noVHL_EIF4E2_NA_4_Torin1_ribo0A_1,polysome,RCC4,noVHL,HIF1B,EIF4E2,NA,N,4,Torin1,ribo0A,1,Yes,150,SUG968A9_S72_L007_R1_001.fastq.gz,CATGAGGA,SUG968,polysome_RCC4_noVHL_EIF4E2_NA_4_Torin1_ribo0A,polysome_RCC4_noVHL_EIF4E2_NA_4_Torin1_ribo0A_1_SUG968
TSO-6,LYS23Q,polysome_RCC4_noVHL_EIF4E2_NA_4_Torin1_ribo0B_1,polysome,RCC4,noVHL,HIF1B,EIF4E2,NA,N,4,Torin1,ribo0B,1,Yes,150,SUG968A9_S72_L007_R1_001.fastq.gz,TGACTGAC,SUG968,polysome_RCC4_noVHL_EIF4E2_NA_4_Torin1_ribo0B,polysome_RCC4_noVHL_EIF4E2_NA_4_Torin1_ribo0B_1_SUG968
TSO-9,LYS23O,polysome_RCC4_noVHL_EIF4E2_NA_4_Torin1_ribo1_1,polysome,RCC4,noVHL,HIF1B,EIF4E2,NA,N,4,Torin1,ribo1,1,Yes,150,SUG968A7_S103_L007_R1_001.fastq.gz,TAGTTGCG,SUG968,polysome_RCC4_noVHL_EIF4E2_NA_4_Torin1_ribo1,polysome_RCC4_noVHL_EIF4E2_NA_4_Torin1_ribo1_1_SUG968
TSO-10,LYS23O,polysome_RCC4_noVHL_EIF4E2_NA_4_Torin1_ribo2_1,polysome,RCC4,noVHL,HIF1B,EIF4E2,NA,N,4,Torin1,ribo2,1,Yes,150,SUG968A7_S103_L007_R1_001.fastq.gz,GAGATACG,SUG968,polysome_RCC4_noVHL_EIF4E2_NA_4_Torin1_ribo2,polysome_RCC4_noVHL_EIF4E2_NA_4_Torin1_ribo2_1_SUG968
TSO-11,LYS23O,polysome_RCC4_noVHL_EIF4E2_NA_4_Torin1_ribo3_1,polysome,RCC4,noVHL,HIF1B,EIF4E2,NA,N,4,Torin1,ribo3,1,Yes,150,SUG968A7_S103_L007_R1_001.fastq.gz,AGGTGTAC,SUG968,polysome_RCC4_noVHL_EIF4E2_NA_4_Torin1_ribo3,polysome_RCC4_noVHL_EIF4E2_NA_4_Torin1_ribo3_1_SUG968
TSO-12,LYS23O,polysome_RCC4_noVHL_EIF4E2_NA_4_Torin1_ribo4_1,polysome,RCC4,noVHL,HIF1B,EIF4E2,NA,N,4,Torin1,ribo4,1,Yes,150,SUG968A7_S103_L007_R1_001.fastq.gz,TAATGCCG,SUG968,polysome_RCC4_noVHL_EIF4E2_NA_4_Torin1_ribo4,polysome_RCC4_noVHL_EIF4E2_NA_4_Torin1_ribo4_1_SUG968
TSO-13,LYS23O,polysome_RCC4_noVHL_EIF4E2_NA_4_Torin1_ribo5_1,polysome,RCC4,noVHL,HIF1B,EIF4E2,NA,N,4,Torin1,ribo5,1,Yes,150,SUG968A7_S103_L007_R1_001.fastq.gz,TCAGACGA,SUG968,polysome_RCC4_noVHL_EIF4E2_NA_4_Torin1_ribo5,polysome_RCC4_noVHL_EIF4E2_NA_4_Torin1_ribo5_1_SUG968
TSO-14,LYS23O,polysome_RCC4_noVHL_EIF4E2_NA_4_Torin1_ribo6_1,polysome,RCC4,noVHL,HIF1B,EIF4E2,NA,N,4,Torin1,ribo6,1,Yes,150,SUG968A7_S103_L007_R1_001.fastq.gz,GATAGGCT,SUG968,polysome_RCC4_noVHL_EIF4E2_NA_4_Torin1_ribo6,polysome_RCC4_noVHL_EIF4E2_NA_4_Torin1_ribo6_1_SUG968
TSO-15,LYS23O,polysome_RCC4_noVHL_EIF4E2_NA_4_Torin1_ribo7_1,polysome,RCC4,noVHL,HIF1B,EIF4E2,NA,N,4,Torin1,ribo7,1,Yes,150,SUG968A7_S103_L007_R1_001.fastq.gz,TGGTACAG,SUG968,polysome_RCC4_noVHL_EIF4E2_NA_4_Torin1_ribo7,polysome_RCC4_noVHL_EIF4E2_NA_4_Torin1_ribo7_1_SUG968
TSO-16,LYS23O,polysome_RCC4_noVHL_EIF4E2_NA_4_Torin1_ribo8_1,polysome,RCC4,noVHL,HIF1B,EIF4E2,NA,N,4,Torin1,ribo8,1,Yes,150,SUG968A7_S103_L007_R1_001.fastq.gz,CAAGGTCT,SUG968,polysome_RCC4_noVHL_EIF4E2_NA_4_Torin1_ribo8,polysome_RCC4_noVHL_EIF4E2_NA_4_Torin1_ribo8_1_SUG968
TSO-9,LYS23A,polysome_786O_VHL_EIF4E2_NA_1_NA_ribo1_1,polysome,786O,VHL,HIF1B,EIF4E2,NA,N,1,NA,ribo1,1,Yes,75,SUG341A7_S13_L001_R1_001.fastq.gz,TAGTTGCG,SUG341,polysome_786O_VHL_EIF4E2_NA_1_NA_ribo1,polysome_786O_VHL_EIF4E2_NA_1_NA_ribo1_1_SUG341
TSO-10,LYS23A,polysome_786O_VHL_EIF4E2_NA_1_NA_ribo2_1,polysome,786O,VHL,HIF1B,EIF4E2,NA,N,1,NA,ribo2,1,Yes,75,SUG341A7_S13_L001_R1_001.fastq.gz,GAGATACG,SUG341,polysome_786O_VHL_EIF4E2_NA_1_NA_ribo2,polysome_786O_VHL_EIF4E2_NA_1_NA_ribo2_1_SUG341
TSO-11,LYS23A,polysome_786O_VHL_EIF4E2_NA_1_NA_ribo3_1,polysome,786O,VHL,HIF1B,EIF4E2,NA,N,1,NA,ribo3,1,Yes,75,SUG341A7_S13_L001_R1_001.fastq.gz,AGGTGTAC,SUG341,polysome_786O_VHL_EIF4E2_NA_1_NA_ribo3,polysome_786O_VHL_EIF4E2_NA_1_NA_ribo3_1_SUG341
TSO-12,LYS23A,polysome_786O_VHL_EIF4E2_NA_1_NA_ribo4_1,polysome,786O,VHL,HIF1B,EIF4E2,NA,N,1,NA,ribo4,1,Yes,75,SUG341A7_S13_L001_R1_001.fastq.gz,TAATGCCG,SUG341,polysome_786O_VHL_EIF4E2_NA_1_NA_ribo4,polysome_786O_VHL_EIF4E2_NA_1_NA_ribo4_1_SUG341
TSO-13,LYS23A,polysome_786O_VHL_EIF4E2_NA_1_NA_ribo5_1,polysome,786O,VHL,HIF1B,EIF4E2,NA,N,1,NA,ribo5,1,Yes,75,SUG341A7_S13_L001_R1_001.fastq.gz,TCAGACGA,SUG341,polysome_786O_VHL_EIF4E2_NA_1_NA_ribo5,polysome_786O_VHL_EIF4E2_NA_1_NA_ribo5_1_SUG341
TSO-14,LYS23A,polysome_786O_VHL_EIF4E2_NA_1_NA_ribo6_1,polysome,786O,VHL,HIF1B,EIF4E2,NA,N,1,NA,ribo6,1,Yes,75,SUG341A7_S13_L001_R1_001.fastq.gz,GATAGGCT,SUG341,polysome_786O_VHL_EIF4E2_NA_1_NA_ribo6,polysome_786O_VHL_EIF4E2_NA_1_NA_ribo6_1_SUG341
TSO-15,LYS23A,polysome_786O_VHL_EIF4E2_NA_1_NA_ribo7_1,polysome,786O,VHL,HIF1B,EIF4E2,NA,N,1,NA,ribo7,1,Yes,75,SUG341A7_S13_L001_R1_001.fastq.gz,TGGTACAG,SUG341,polysome_786O_VHL_EIF4E2_NA_1_NA_ribo7,polysome_786O_VHL_EIF4E2_NA_1_NA_ribo7_1_SUG341
TSO-16,LYS23A,polysome_786O_VHL_EIF4E2_NA_1_NA_ribo8_1,polysome,786O,VHL,HIF1B,EIF4E2,NA,N,1,NA,ribo8,1,Yes,75,SUG341A7_S13_L001_R1_001.fastq.gz,CAAGGTCT,SUG341,polysome_786O_VHL_EIF4E2_NA_1_NA_ribo8,polysome_786O_VHL_EIF4E2_NA_1_NA_ribo8_1_SUG341
TSO-8,LYS23B,polysome_786O_VHL_EIF4E2_NA_1_NA_ribo1_2,polysome,786O,VHL,HIF1B,EIF4E2,NA,N,1,NA,ribo1,2,Yes,150,SUG341A8_S14_L001_R1_001.fastq.gz,CTCCTAGA,SUG341,polysome_786O_VHL_EIF4E2_NA_1_NA_ribo1,polysome_786O_VHL_EIF4E2_NA_1_NA_ribo1_2_SUG341
TSO-7,LYS23B,polysome_786O_VHL_EIF4E2_NA_1_NA_ribo2_2,polysome,786O,VHL,HIF1B,EIF4E2,NA,N,1,NA,ribo2,2,Yes,150,SUG341A8_S14_L001_R1_001.fastq.gz,CGTATTCG,SUG341,polysome_786O_VHL_EIF4E2_NA_1_NA_ribo2,polysome_786O_VHL_EIF4E2_NA_1_NA_ribo2_2_SUG341
TSO-6,LYS23B,polysome_786O_VHL_EIF4E2_NA_1_NA_ribo3_2,polysome,786O,VHL,HIF1B,EIF4E2,NA,N,1,NA,ribo3,2,Yes,150,SUG341A8_S14_L001_R1_001.fastq.gz,TGACTGAC,SUG341,polysome_786O_VHL_EIF4E2_NA_1_NA_ribo3,polysome_786O_VHL_EIF4E2_NA_1_NA_ribo3_2_SUG341
TSO-5,LYS23B,polysome_786O_VHL_EIF4E2_NA_1_NA_ribo4_2,polysome,786O,VHL,HIF1B,EIF4E2,NA,N,1,NA,ribo4,2,Yes,150,SUG341A8_S14_L001_R1_001.fastq.gz,CATGAGGA,SUG341,polysome_786O_VHL_EIF4E2_NA_1_NA_ribo4,polysome_786O_VHL_EIF4E2_NA_1_NA_ribo4_2_SUG341
TSO-4,LYS23B,polysome_786O_VHL_EIF4E2_NA_1_NA_ribo5_2,polysome,786O,VHL,HIF1B,EIF4E2,NA,N,1,NA,ribo5,2,Yes,150,SUG341A8_S14_L001_R1_001.fastq.gz,GTACCTTG,SUG341,polysome_786O_VHL_EIF4E2_NA_1_NA_ribo5,polysome_786O_VHL_EIF4E2_NA_1_NA_ribo5_2_SUG341
TSO-3,LYS23B,polysome_786O_VHL_EIF4E2_NA_1_NA_ribo6_2,polysome,786O,VHL,HIF1B,EIF4E2,NA,N,1,NA,ribo6,2,Yes,150,SUG341A8_S14_L001_R1_001.fastq.gz,GAATCCGA,SUG341,polysome_786O_VHL_EIF4E2_NA_1_NA_ribo6,polysome_786O_VHL_EIF4E2_NA_1_NA_ribo6_2_SUG341
TSO-2,LYS23B,polysome_786O_VHL_EIF4E2_NA_1_NA_ribo7_2,polysome,786O,VHL,HIF1B,EIF4E2,NA,N,1,NA,ribo7,2,Yes,150,SUG341A8_S14_L001_R1_001.fastq.gz,AGGTCACT,SUG341,polysome_786O_VHL_EIF4E2_NA_1_NA_ribo7,polysome_786O_VHL_EIF4E2_NA_1_NA_ribo7_2_SUG341
TSO-1,LYS23B,polysome_786O_VHL_EIF4E2_NA_1_NA_ribo8_2,polysome,786O,VHL,HIF1B,EIF4E2,NA,N,1,NA,ribo8,2,Yes,150,SUG341A8_S14_L001_R1_001.fastq.gz,GTCGGTAA,SUG341,polysome_786O_VHL_EIF4E2_NA_1_NA_ribo8,polysome_786O_VHL_EIF4E2_NA_1_NA_ribo8_2_SUG341
TSO-1,LYS23C,polysome_786O_VHL_EIF4E2_NA_1_NA_ribo1_3,polysome,786O,VHL,HIF1B,EIF4E2,NA,N,1,NA,ribo1,3,Yes,150,SUG341A9_S15_L001_R1_001.fastq.gz,GTCGGTAA,SUG341,polysome_786O_VHL_EIF4E2_NA_1_NA_ribo1,polysome_786O_VHL_EIF4E2_NA_1_NA_ribo1_3_SUG341
TSO-2,LYS23C,polysome_786O_VHL_EIF4E2_NA_1_NA_ribo2_3,polysome,786O,VHL,HIF1B,EIF4E2,NA,N,1,NA,ribo2,3,Yes,150,SUG341A9_S15_L001_R1_001.fastq.gz,AGGTCACT,SUG341,polysome_786O_VHL_EIF4E2_NA_1_NA_ribo2,polysome_786O_VHL_EIF4E2_NA_1_NA_ribo2_3_SUG341
TSO-3,LYS23C,polysome_786O_VHL_EIF4E2_NA_1_NA_ribo3_3,polysome,786O,VHL,HIF1B,EIF4E2,NA,N,1,NA,ribo3,3,Yes,150,SUG341A9_S15_L001_R1_001.fastq.gz,GAATCCGA,SUG341,polysome_786O_VHL_EIF4E2_NA_1_NA_ribo3,polysome_786O_VHL_EIF4E2_NA_1_NA_ribo3_3_SUG341
TSO-4,LYS23C,polysome_786O_VHL_EIF4E2_NA_1_NA_ribo4_3,polysome,786O,VHL,HIF1B,EIF4E2,NA,N,1,NA,ribo4,3,Yes,150,SUG341A9_S15_L001_R1_001.fastq.gz,GTACCTTG,SUG341,polysome_786O_VHL_EIF4E2_NA_1_NA_ribo4,polysome_786O_VHL_EIF4E2_NA_1_NA_ribo4_3_SUG341
TSO-5,LYS23C,polysome_786O_VHL_EIF4E2_NA_1_NA_ribo5_3,polysome,786O,VHL,HIF1B,EIF4E2,NA,N,1,NA,ribo5,3,Yes,150,SUG341A9_S15_L001_R1_001.fastq.gz,CATGAGGA,SUG341,polysome_786O_VHL_EIF4E2_NA_1_NA_ribo5,polysome_786O_VHL_EIF4E2_NA_1_NA_ribo5_3_SUG341
TSO-6,LYS23C,polysome_786O_VHL_EIF4E2_NA_1_NA_ribo6_3,polysome,786O,VHL,HIF1B,EIF4E2,NA,N,1,NA,ribo6,3,Yes,150,SUG341A9_S15_L001_R1_001.fastq.gz,TGACTGAC,SUG341,polysome_786O_VHL_EIF4E2_NA_1_NA_ribo6,polysome_786O_VHL_EIF4E2_NA_1_NA_ribo6_3_SUG341
TSO-7,LYS23C,polysome_786O_VHL_EIF4E2_NA_1_NA_ribo7_3,polysome,786O,VHL,HIF1B,EIF4E2,NA,N,1,NA,ribo7,3,Yes,150,SUG341A9_S15_L001_R1_001.fastq.gz,CGTATTCG,SUG341,polysome_786O_VHL_EIF4E2_NA_1_NA_ribo7,polysome_786O_VHL_EIF4E2_NA_1_NA_ribo7_3_SUG341
TSO-8,LYS23C,polysome_786O_VHL_EIF4E2_NA_1_NA_ribo8_3,polysome,786O,VHL,HIF1B,EIF4E2,NA,N,1,NA,ribo8,3,Yes,150,SUG341A9_S15_L001_R1_001.fastq.gz,CTCCTAGA,SUG341,polysome_786O_VHL_EIF4E2_NA_1_NA_ribo8,polysome_786O_VHL_EIF4E2_NA_1_NA_ribo8_3_SUG341
TSO-8,LYS23D,polysome_786O_VHL_EIF4E2_NA_2_NA_ribo1_1,polysome,786O,VHL,HIF1B,EIF4E2,NA,N,2,NA,ribo1,1,Yes,75,SUG341A10_S1_L001_R1_001.fastq.gz,CTCCTAGA,SUG341,polysome_786O_VHL_EIF4E2_NA_2_NA_ribo1,polysome_786O_VHL_EIF4E2_NA_2_NA_ribo1_1_SUG341
TSO-7,LYS23D,polysome_786O_VHL_EIF4E2_NA_2_NA_ribo2_1,polysome,786O,VHL,HIF1B,EIF4E2,NA,N,2,NA,ribo2,1,Yes,75,SUG341A10_S1_L001_R1_001.fastq.gz,CGTATTCG,SUG341,polysome_786O_VHL_EIF4E2_NA_2_NA_ribo2,polysome_786O_VHL_EIF4E2_NA_2_NA_ribo2_1_SUG341
TSO-6,LYS23D,polysome_786O_VHL_EIF4E2_NA_2_NA_ribo3_1,polysome,786O,VHL,HIF1B,EIF4E2,NA,N,2,NA,ribo3,1,Yes,75,SUG341A10_S1_L001_R1_001.fastq.gz,TGACTGAC,SUG341,polysome_786O_VHL_EIF4E2_NA_2_NA_ribo3,polysome_786O_VHL_EIF4E2_NA_2_NA_ribo3_1_SUG341
TSO-5,LYS23D,polysome_786O_VHL_EIF4E2_NA_2_NA_ribo4_1,polysome,786O,VHL,HIF1B,EIF4E2,NA,N,2,NA,ribo4,1,Yes,75,SUG341A10_S1_L001_R1_001.fastq.gz,CATGAGGA,SUG341,polysome_786O_VHL_EIF4E2_NA_2_NA_ribo4,polysome_786O_VHL_EIF4E2_NA_2_NA_ribo4_1_SUG341
TSO-4,LYS23D,polysome_786O_VHL_EIF4E2_NA_2_NA_ribo5_1,polysome,786O,VHL,HIF1B,EIF4E2,NA,N,2,NA,ribo5,1,Yes,75,SUG341A10_S1_L001_R1_001.fastq.gz,GTACCTTG,SUG341,polysome_786O_VHL_EIF4E2_NA_2_NA_ribo5,polysome_786O_VHL_EIF4E2_NA_2_NA_ribo5_1_SUG341
TSO-3,LYS23D,polysome_786O_VHL_EIF4E2_NA_2_NA_ribo6_1,polysome,786O,VHL,HIF1B,EIF4E2,NA,N,2,NA,ribo6,1,Yes,75,SUG341A10_S1_L001_R1_001.fastq.gz,GAATCCGA,SUG341,polysome_786O_VHL_EIF4E2_NA_2_NA_ribo6,polysome_786O_VHL_EIF4E2_NA_2_NA_ribo6_1_SUG341
TSO-2,LYS23D,polysome_786O_VHL_EIF4E2_NA_2_NA_ribo7_1,polysome,786O,VHL,HIF1B,EIF4E2,NA,N,2,NA,ribo7,1,Yes,75,SUG341A10_S1_L001_R1_001.fastq.gz,AGGTCACT,SUG341,polysome_786O_VHL_EIF4E2_NA_2_NA_ribo7,polysome_786O_VHL_EIF4E2_NA_2_NA_ribo7_1_SUG341
TSO-1,LYS23D,polysome_786O_VHL_EIF4E2_NA_2_NA_ribo8_1,polysome,786O,VHL,HIF1B,EIF4E2,NA,N,2,NA,ribo8,1,Yes,75,SUG341A10_S1_L001_R1_001.fastq.gz,GTCGGTAA,SUG341,polysome_786O_VHL_EIF4E2_NA_2_NA_ribo8,polysome_786O_VHL_EIF4E2_NA_2_NA_ribo8_1_SUG341
TSO-1,LYS23E,polysome_786O_VHL_EIF4E2_NA_4_NA_ribo1_1,polysome,786O,VHL,HIF1B,EIF4E2,NA,N,4,NA,ribo1,1,Yes,150,SUG341A11_S2_L001_R1_001.fastq.gz,GTCGGTAA,SUG341,polysome_786O_VHL_EIF4E2_NA_4_NA_ribo1,polysome_786O_VHL_EIF4E2_NA_4_NA_ribo1_1_SUG341
TSO-2,LYS23E,polysome_786O_VHL_EIF4E2_NA_4_NA_ribo2_1,polysome,786O,VHL,HIF1B,EIF4E2,NA,N,4,NA,ribo2,1,Yes,150,SUG341A11_S2_L001_R1_001.fastq.gz,AGGTCACT,SUG341,polysome_786O_VHL_EIF4E2_NA_4_NA_ribo2,polysome_786O_VHL_EIF4E2_NA_4_NA_ribo2_1_SUG341
TSO-3,LYS23E,polysome_786O_VHL_EIF4E2_NA_4_NA_ribo3_1,polysome,786O,VHL,HIF1B,EIF4E2,NA,N,4,NA,ribo3,1,Yes,150,SUG341A11_S2_L001_R1_001.fastq.gz,GAATCCGA,SUG341,polysome_786O_VHL_EIF4E2_NA_4_NA_ribo3,polysome_786O_VHL_EIF4E2_NA_4_NA_ribo3_1_SUG341
TSO-4,LYS23E,polysome_786O_VHL_EIF4E2_NA_4_NA_ribo4_1,polysome,786O,VHL,HIF1B,EIF4E2,NA,N,4,NA,ribo4,1,Yes,150,SUG341A11_S2_L001_R1_001.fastq.gz,GTACCTTG,SUG341,polysome_786O_VHL_EIF4E2_NA_4_NA_ribo4,polysome_786O_VHL_EIF4E2_NA_4_NA_ribo4_1_SUG341
TSO-5,LYS23E,polysome_786O_VHL_EIF4E2_NA_4_NA_ribo5_1,polysome,786O,VHL,HIF1B,EIF4E2,NA,N,4,NA,ribo5,1,Yes,150,SUG341A11_S2_L001_R1_001.fastq.gz,CATGAGGA,SUG341,polysome_786O_VHL_EIF4E2_NA_4_NA_ribo5,polysome_786O_VHL_EIF4E2_NA_4_NA_ribo5_1_SUG341
TSO-6,LYS23E,polysome_786O_VHL_EIF4E2_NA_4_NA_ribo6_1,polysome,786O,VHL,HIF1B,EIF4E2,NA,N,4,NA,ribo6,1,Yes,150,SUG341A11_S2_L001_R1_001.fastq.gz,TGACTGAC,SUG341,polysome_786O_VHL_EIF4E2_NA_4_NA_ribo6,polysome_786O_VHL_EIF4E2_NA_4_NA_ribo6_1_SUG341
TSO-7,LYS23E,polysome_786O_VHL_EIF4E2_NA_4_NA_ribo7_1,polysome,786O,VHL,HIF1B,EIF4E2,NA,N,4,NA,ribo7,1,Yes,150,SUG341A11_S2_L001_R1_001.fastq.gz,CGTATTCG,SUG341,polysome_786O_VHL_EIF4E2_NA_4_NA_ribo7,polysome_786O_VHL_EIF4E2_NA_4_NA_ribo7_1_SUG341
TSO-8,LYS23E,polysome_786O_VHL_EIF4E2_NA_4_NA_ribo8_1,polysome,786O,VHL,HIF1B,EIF4E2,NA,N,4,NA,ribo8,1,Yes,150,SUG341A11_S2_L001_R1_001.fastq.gz,CTCCTAGA,SUG341,polysome_786O_VHL_EIF4E2_NA_4_NA_ribo8,polysome_786O_VHL_EIF4E2_NA_4_NA_ribo8_1_SUG341
TSO-1,LYS23A,polysome_786O_noVHL_EIF4E2_NA_1_NA_ribo1_1,polysome,786O,noVHL,HIF1B,EIF4E2,NA,N,1,NA,ribo1,1,Yes,75,SUG341A7_S13_L001_R1_001.fastq.gz,GTCGGTAA,SUG341,polysome_786O_noVHL_EIF4E2_NA_1_NA_ribo1,polysome_786O_noVHL_EIF4E2_NA_1_NA_ribo1_1_SUG341
TSO-2,LYS23A,polysome_786O_noVHL_EIF4E2_NA_1_NA_ribo2_1,polysome,786O,noVHL,HIF1B,EIF4E2,NA,N,1,NA,ribo2,1,Yes,75,SUG341A7_S13_L001_R1_001.fastq.gz,AGGTCACT,SUG341,polysome_786O_noVHL_EIF4E2_NA_1_NA_ribo2,polysome_786O_noVHL_EIF4E2_NA_1_NA_ribo2_1_SUG341
TSO-3,LYS23A,polysome_786O_noVHL_EIF4E2_NA_1_NA_ribo3_1,polysome,786O,noVHL,HIF1B,EIF4E2,NA,N,1,NA,ribo3,1,Yes,75,SUG341A7_S13_L001_R1_001.fastq.gz,GAATCCGA,SUG341,polysome_786O_noVHL_EIF4E2_NA_1_NA_ribo3,polysome_786O_noVHL_EIF4E2_NA_1_NA_ribo3_1_SUG341
TSO-4,LYS23A,polysome_786O_noVHL_EIF4E2_NA_1_NA_ribo4_1,polysome,786O,noVHL,HIF1B,EIF4E2,NA,N,1,NA,ribo4,1,Yes,75,SUG341A7_S13_L001_R1_001.fastq.gz,GTACCTTG,SUG341,polysome_786O_noVHL_EIF4E2_NA_1_NA_ribo4,polysome_786O_noVHL_EIF4E2_NA_1_NA_ribo4_1_SUG341
TSO-5,LYS23A,polysome_786O_noVHL_EIF4E2_NA_1_NA_ribo5_1,polysome,786O,noVHL,HIF1B,EIF4E2,NA,N,1,NA,ribo5,1,Yes,75,SUG341A7_S13_L001_R1_001.fastq.gz,CATGAGGA,SUG341,polysome_786O_noVHL_EIF4E2_NA_1_NA_ribo5,polysome_786O_noVHL_EIF4E2_NA_1_NA_ribo5_1_SUG341
TSO-6,LYS23A,polysome_786O_noVHL_EIF4E2_NA_1_NA_ribo6_1,polysome,786O,noVHL,HIF1B,EIF4E2,NA,N,1,NA,ribo6,1,Yes,75,SUG341A7_S13_L001_R1_001.fastq.gz,TGACTGAC,SUG341,polysome_786O_noVHL_EIF4E2_NA_1_NA_ribo6,polysome_786O_noVHL_EIF4E2_NA_1_NA_ribo6_1_SUG341
TSO-7,LYS23A,polysome_786O_noVHL_EIF4E2_NA_1_NA_ribo7_1,polysome,786O,noVHL,HIF1B,EIF4E2,NA,N,1,NA,ribo7,1,Yes,75,SUG341A7_S13_L001_R1_001.fastq.gz,CGTATTCG,SUG341,polysome_786O_noVHL_EIF4E2_NA_1_NA_ribo7,polysome_786O_noVHL_EIF4E2_NA_1_NA_ribo7_1_SUG341
TSO-8,LYS23A,polysome_786O_noVHL_EIF4E2_NA_1_NA_ribo8_1,polysome,786O,noVHL,HIF1B,EIF4E2,NA,N,1,NA,ribo8,1,Yes,75,SUG341A7_S13_L001_R1_001.fastq.gz,CTCCTAGA,SUG341,polysome_786O_noVHL_EIF4E2_NA_1_NA_ribo8,polysome_786O_noVHL_EIF4E2_NA_1_NA_ribo8_1_SUG341
TSO-16,LYS23B,polysome_786O_noVHL_EIF4E2_NA_1_NA_ribo1_2,polysome,786O,noVHL,HIF1B,EIF4E2,NA,N,1,NA,ribo1,2,Yes,150,SUG341A8_S14_L001_R1_001.fastq.gz,CAAGGTCT,SUG341,polysome_786O_noVHL_EIF4E2_NA_1_NA_ribo1,polysome_786O_noVHL_EIF4E2_NA_1_NA_ribo1_2_SUG341
TSO-15,LYS23B,polysome_786O_noVHL_EIF4E2_NA_1_NA_ribo2_2,polysome,786O,noVHL,HIF1B,EIF4E2,NA,N,1,NA,ribo2,2,Yes,150,SUG341A8_S14_L001_R1_001.fastq.gz,TGGTACAG,SUG341,polysome_786O_noVHL_EIF4E2_NA_1_NA_ribo2,polysome_786O_noVHL_EIF4E2_NA_1_NA_ribo2_2_SUG341
TSO-14,LYS23B,polysome_786O_noVHL_EIF4E2_NA_1_NA_ribo3_2,polysome,786O,noVHL,HIF1B,EIF4E2,NA,N,1,NA,ribo3,2,Yes,150,SUG341A8_S14_L001_R1_001.fastq.gz,GATAGGCT,SUG341,polysome_786O_noVHL_EIF4E2_NA_1_NA_ribo3,polysome_786O_noVHL_EIF4E2_NA_1_NA_ribo3_2_SUG341
TSO-13,LYS23B,polysome_786O_noVHL_EIF4E2_NA_1_NA_ribo4_2,polysome,786O,noVHL,HIF1B,EIF4E2,NA,N,1,NA,ribo4,2,Yes,150,SUG341A8_S14_L001_R1_001.fastq.gz,TCAGACGA,SUG341,polysome_786O_noVHL_EIF4E2_NA_1_NA_ribo4,polysome_786O_noVHL_EIF4E2_NA_1_NA_ribo4_2_SUG341
TSO-12,LYS23B,polysome_786O_noVHL_EIF4E2_NA_1_NA_ribo5_2,polysome,786O,noVHL,HIF1B,EIF4E2,NA,N,1,NA,ribo5,2,Yes,150,SUG341A8_S14_L001_R1_001.fastq.gz,TAATGCCG,SUG341,polysome_786O_noVHL_EIF4E2_NA_1_NA_ribo5,polysome_786O_noVHL_EIF4E2_NA_1_NA_ribo5_2_SUG341
TSO-11,LYS23B,polysome_786O_noVHL_EIF4E2_NA_1_NA_ribo6_2,polysome,786O,noVHL,HIF1B,EIF4E2,NA,N,1,NA,ribo6,2,Yes,150,SUG341A8_S14_L001_R1_001.fastq.gz,AGGTGTAC,SUG341,polysome_786O_noVHL_EIF4E2_NA_1_NA_ribo6,polysome_786O_noVHL_EIF4E2_NA_1_NA_ribo6_2_SUG341
TSO-10,LYS23B,polysome_786O_noVHL_EIF4E2_NA_1_NA_ribo7_2,polysome,786O,noVHL,HIF1B,EIF4E2,NA,N,1,NA,ribo7,2,Yes,150,SUG341A8_S14_L001_R1_001.fastq.gz,GAGATACG,SUG341,polysome_786O_noVHL_EIF4E2_NA_1_NA_ribo7,polysome_786O_noVHL_EIF4E2_NA_1_NA_ribo7_2_SUG341
TSO-9,LYS23B,polysome_786O_noVHL_EIF4E2_NA_1_NA_ribo8_2,polysome,786O,noVHL,HIF1B,EIF4E2,NA,N,1,NA,ribo8,2,Yes,150,SUG341A8_S14_L001_R1_001.fastq.gz,TAGTTGCG,SUG341,polysome_786O_noVHL_EIF4E2_NA_1_NA_ribo8,polysome_786O_noVHL_EIF4E2_NA_1_NA_ribo8_2_SUG341
TSO-9,LYS23C,polysome_786O_noVHL_EIF4E2_NA_1_NA_ribo1_3,polysome,786O,noVHL,HIF1B,EIF4E2,NA,N,1,NA,ribo1,3,Yes,150,SUG341A9_S15_L001_R1_001.fastq.gz,TAGTTGCG,SUG341,polysome_786O_noVHL_EIF4E2_NA_1_NA_ribo1,polysome_786O_noVHL_EIF4E2_NA_1_NA_ribo1_3_SUG341
TSO-10,LYS23C,polysome_786O_noVHL_EIF4E2_NA_1_NA_ribo2_3,polysome,786O,noVHL,HIF1B,EIF4E2,NA,N,1,NA,ribo2,3,Yes,150,SUG341A9_S15_L001_R1_001.fastq.gz,GAGATACG,SUG341,polysome_786O_noVHL_EIF4E2_NA_1_NA_ribo2,polysome_786O_noVHL_EIF4E2_NA_1_NA_ribo2_3_SUG341
TSO-11,LYS23C,polysome_786O_noVHL_EIF4E2_NA_1_NA_ribo3_3,polysome,786O,noVHL,HIF1B,EIF4E2,NA,N,1,NA,ribo3,3,Yes,150,SUG341A9_S15_L001_R1_001.fastq.gz,AGGTGTAC,SUG341,polysome_786O_noVHL_EIF4E2_NA_1_NA_ribo3,polysome_786O_noVHL_EIF4E2_NA_1_NA_ribo3_3_SUG341
TSO-12,LYS23C,polysome_786O_noVHL_EIF4E2_NA_1_NA_ribo4_3,polysome,786O,noVHL,HIF1B,EIF4E2,NA,N,1,NA,ribo4,3,Yes,150,SUG341A9_S15_L001_R1_001.fastq.gz,TAATGCCG,SUG341,polysome_786O_noVHL_EIF4E2_NA_1_NA_ribo4,polysome_786O_noVHL_EIF4E2_NA_1_NA_ribo4_3_SUG341
TSO-13,LYS23C,polysome_786O_noVHL_EIF4E2_NA_1_NA_ribo5_3,polysome,786O,noVHL,HIF1B,EIF4E2,NA,N,1,NA,ribo5,3,Yes,150,SUG341A9_S15_L001_R1_001.fastq.gz,TCAGACGA,SUG341,polysome_786O_noVHL_EIF4E2_NA_1_NA_ribo5,polysome_786O_noVHL_EIF4E2_NA_1_NA_ribo5_3_SUG341
TSO-14,LYS23C,polysome_786O_noVHL_EIF4E2_NA_1_NA_ribo6_3,polysome,786O,noVHL,HIF1B,EIF4E2,NA,N,1,NA,ribo6,3,Yes,150,SUG341A9_S15_L001_R1_001.fastq.gz,GATAGGCT,SUG341,polysome_786O_noVHL_EIF4E2_NA_1_NA_ribo6,polysome_786O_noVHL_EIF4E2_NA_1_NA_ribo6_3_SUG341
TSO-15,LYS23C,polysome_786O_noVHL_EIF4E2_NA_1_NA_ribo7_3,polysome,786O,noVHL,HIF1B,EIF4E2,NA,N,1,NA,ribo7,3,Yes,150,SUG341A9_S15_L001_R1_001.fastq.gz,TGGTACAG,SUG341,polysome_786O_noVHL_EIF4E2_NA_1_NA_ribo7,polysome_786O_noVHL_EIF4E2_NA_1_NA_ribo7_3_SUG341
TSO-16,LYS23C,polysome_786O_noVHL_EIF4E2_NA_1_NA_ribo8_3,polysome,786O,noVHL,HIF1B,EIF4E2,NA,N,1,NA,ribo8,3,Yes,150,SUG341A9_S15_L001_R1_001.fastq.gz,CAAGGTCT,SUG341,polysome_786O_noVHL_EIF4E2_NA_1_NA_ribo8,polysome_786O_noVHL_EIF4E2_NA_1_NA_ribo8_3_SUG341
TSO-16,LYS23D,polysome_786O_noVHL_EIF4E2_NA_2_NA_ribo1_1,polysome,786O,noVHL,HIF1B,EIF4E2,NA,N,2,NA,ribo1,1,Yes,75,SUG341A10_S1_L001_R1_001.fastq.gz,CAAGGTCT,SUG341,polysome_786O_noVHL_EIF4E2_NA_2_NA_ribo1,polysome_786O_noVHL_EIF4E2_NA_2_NA_ribo1_1_SUG341
TSO-15,LYS23D,polysome_786O_noVHL_EIF4E2_NA_2_NA_ribo2_1,polysome,786O,noVHL,HIF1B,EIF4E2,NA,N,2,NA,ribo2,1,Yes,75,SUG341A10_S1_L001_R1_001.fastq.gz,TGGTACAG,SUG341,polysome_786O_noVHL_EIF4E2_NA_2_NA_ribo2,polysome_786O_noVHL_EIF4E2_NA_2_NA_ribo2_1_SUG341
TSO-14,LYS23D,polysome_786O_noVHL_EIF4E2_NA_2_NA_ribo3_1,polysome,786O,noVHL,HIF1B,EIF4E2,NA,N,2,NA,ribo3,1,Yes,75,SUG341A10_S1_L001_R1_001.fastq.gz,GATAGGCT,SUG341,polysome_786O_noVHL_EIF4E2_NA_2_NA_ribo3,polysome_786O_noVHL_EIF4E2_NA_2_NA_ribo3_1_SUG341
TSO-13,LYS23D,polysome_786O_noVHL_EIF4E2_NA_2_NA_ribo4_1,polysome,786O,noVHL,HIF1B,EIF4E2,NA,N,2,NA,ribo4,1,Yes,75,SUG341A10_S1_L001_R1_001.fastq.gz,TCAGACGA,SUG341,polysome_786O_noVHL_EIF4E2_NA_2_NA_ribo4,polysome_786O_noVHL_EIF4E2_NA_2_NA_ribo4_1_SUG341
TSO-12,LYS23D,polysome_786O_noVHL_EIF4E2_NA_2_NA_ribo5_1,polysome,786O,noVHL,HIF1B,EIF4E2,NA,N,2,NA,ribo5,1,Yes,75,SUG341A10_S1_L001_R1_001.fastq.gz,TAATGCCG,SUG341,polysome_786O_noVHL_EIF4E2_NA_2_NA_ribo5,polysome_786O_noVHL_EIF4E2_NA_2_NA_ribo5_1_SUG341
TSO-11,LYS23D,polysome_786O_noVHL_EIF4E2_NA_2_NA_ribo6_1,polysome,786O,noVHL,HIF1B,EIF4E2,NA,N,2,NA,ribo6,1,Yes,75,SUG341A10_S1_L001_R1_001.fastq.gz,AGGTGTAC,SUG341,polysome_786O_noVHL_EIF4E2_NA_2_NA_ribo6,polysome_786O_noVHL_EIF4E2_NA_2_NA_ribo6_1_SUG341
TSO-10,LYS23D,polysome_786O_noVHL_EIF4E2_NA_2_NA_ribo7_1,polysome,786O,noVHL,HIF1B,EIF4E2,NA,N,2,NA,ribo7,1,Yes,75,SUG341A10_S1_L001_R1_001.fastq.gz,GAGATACG,SUG341,polysome_786O_noVHL_EIF4E2_NA_2_NA_ribo7,polysome_786O_noVHL_EIF4E2_NA_2_NA_ribo7_1_SUG341
TSO-9,LYS23D,polysome_786O_noVHL_EIF4E2_NA_2_NA_ribo8_1,polysome,786O,noVHL,HIF1B,EIF4E2,NA,N,2,NA,ribo8,1,Yes,75,SUG341A10_S1_L001_R1_001.fastq.gz,TAGTTGCG,SUG341,polysome_786O_noVHL_EIF4E2_NA_2_NA_ribo8,polysome_786O_noVHL_EIF4E2_NA_2_NA_ribo8_1_SUG341
TSO-9,LYS23E,polysome_786O_noVHL_EIF4E2_NA_4_NA_ribo1_1,polysome,786O,noVHL,HIF1B,EIF4E2,NA,N,4,NA,ribo1,1,Yes,150,SUG341A11_S2_L001_R1_001.fastq.gz,TAGTTGCG,SUG341,polysome_786O_noVHL_EIF4E2_NA_4_NA_ribo1,polysome_786O_noVHL_EIF4E2_NA_4_NA_ribo1_1_SUG341
TSO-10,LYS23E,polysome_786O_noVHL_EIF4E2_NA_4_NA_ribo2_1,polysome,786O,noVHL,HIF1B,EIF4E2,NA,N,4,NA,ribo2,1,Yes,150,SUG341A11_S2_L001_R1_001.fastq.gz,GAGATACG,SUG341,polysome_786O_noVHL_EIF4E2_NA_4_NA_ribo2,polysome_786O_noVHL_EIF4E2_NA_4_NA_ribo2_1_SUG341
TSO-11,LYS23E,polysome_786O_noVHL_EIF4E2_NA_4_NA_ribo3_1,polysome,786O,noVHL,HIF1B,EIF4E2,NA,N,4,NA,ribo3,1,Yes,150,SUG341A11_S2_L001_R1_001.fastq.gz,AGGTGTAC,SUG341,polysome_786O_noVHL_EIF4E2_NA_4_NA_ribo3,polysome_786O_noVHL_EIF4E2_NA_4_NA_ribo3_1_SUG341
TSO-12,LYS23E,polysome_786O_noVHL_EIF4E2_NA_4_NA_ribo4_1,polysome,786O,noVHL,HIF1B,EIF4E2,NA,N,4,NA,ribo4,1,Yes,150,SUG341A11_S2_L001_R1_001.fastq.gz,TAATGCCG,SUG341,polysome_786O_noVHL_EIF4E2_NA_4_NA_ribo4,polysome_786O_noVHL_EIF4E2_NA_4_NA_ribo4_1_SUG341
TSO-13,LYS23E,polysome_786O_noVHL_EIF4E2_NA_4_NA_ribo5_1,polysome,786O,noVHL,HIF1B,EIF4E2,NA,N,4,NA,ribo5,1,Yes,150,SUG341A11_S2_L001_R1_001.fastq.gz,TCAGACGA,SUG341,polysome_786O_noVHL_EIF4E2_NA_4_NA_ribo5,polysome_786O_noVHL_EIF4E2_NA_4_NA_ribo5_1_SUG341
TSO-14,LYS23E,polysome_786O_noVHL_EIF4E2_NA_4_NA_ribo6_1,polysome,786O,noVHL,HIF1B,EIF4E2,NA,N,4,NA,ribo6,1,Yes,150,SUG341A11_S2_L001_R1_001.fastq.gz,GATAGGCT,SUG341,polysome_786O_noVHL_EIF4E2_NA_4_NA_ribo6,polysome_786O_noVHL_EIF4E2_NA_4_NA_ribo6_1_SUG341
TSO-15,LYS23E,polysome_786O_noVHL_EIF4E2_NA_4_NA_ribo7_1,polysome,786O,noVHL,HIF1B,EIF4E2,NA,N,4,NA,ribo7,1,Yes,150,SUG341A11_S2_L001_R1_001.fastq.gz,TGGTACAG,SUG341,polysome_786O_noVHL_EIF4E2_NA_4_NA_ribo7,polysome_786O_noVHL_EIF4E2_NA_4_NA_ribo7_1_SUG341
TSO-16,LYS23E,polysome_786O_noVHL_EIF4E2_NA_4_NA_ribo8_1,polysome,786O,noVHL,HIF1B,EIF4E2,NA,N,4,NA,ribo8,1,Yes,150,SUG341A11_S2_L001_R1_001.fastq.gz,CAAGGTCT,SUG341,polysome_786O_noVHL_EIF4E2_NA_4_NA_ribo8,polysome_786O_noVHL_EIF4E2_NA_4_NA_ribo8_1_SUG341
TSO-9,LYS23F,polysome_786O_VHL_noEIF4E2_g1_1_NA_ribo1_1,polysome,786O,VHL,HIF1B,noEIF4E2,g1,N,1,NA,ribo1,1,Yes,75,SUG341A12_S3_L001_R1_001.fastq.gz,TAGTTGCG,SUG341,polysome_786O_VHL_noEIF4E2_g1_1_NA_ribo1,polysome_786O_VHL_noEIF4E2_g1_1_NA_ribo1_1_SUG341
TSO-10,LYS23F,polysome_786O_VHL_noEIF4E2_g1_1_NA_ribo2_1,polysome,786O,VHL,HIF1B,noEIF4E2,g1,N,1,NA,ribo2,1,Yes,75,SUG341A12_S3_L001_R1_001.fastq.gz,GAGATACG,SUG341,polysome_786O_VHL_noEIF4E2_g1_1_NA_ribo2,polysome_786O_VHL_noEIF4E2_g1_1_NA_ribo2_1_SUG341
TSO-11,LYS23F,polysome_786O_VHL_noEIF4E2_g1_1_NA_ribo3_1,polysome,786O,VHL,HIF1B,noEIF4E2,g1,N,1,NA,ribo3,1,Yes,75,SUG341A12_S3_L001_R1_001.fastq.gz,AGGTGTAC,SUG341,polysome_786O_VHL_noEIF4E2_g1_1_NA_ribo3,polysome_786O_VHL_noEIF4E2_g1_1_NA_ribo3_1_SUG341
TSO-12,LYS23F,polysome_786O_VHL_noEIF4E2_g1_1_NA_ribo4_1,polysome,786O,VHL,HIF1B,noEIF4E2,g1,N,1,NA,ribo4,1,Yes,75,SUG341A12_S3_L001_R1_001.fastq.gz,TAATGCCG,SUG341,polysome_786O_VHL_noEIF4E2_g1_1_NA_ribo4,polysome_786O_VHL_noEIF4E2_g1_1_NA_ribo4_1_SUG341
TSO-13,LYS23F,polysome_786O_VHL_noEIF4E2_g1_1_NA_ribo5_1,polysome,786O,VHL,HIF1B,noEIF4E2,g1,N,1,NA,ribo5,1,Yes,75,SUG341A12_S3_L001_R1_001.fastq.gz,TCAGACGA,SUG341,polysome_786O_VHL_noEIF4E2_g1_1_NA_ribo5,polysome_786O_VHL_noEIF4E2_g1_1_NA_ribo5_1_SUG341
TSO-14,LYS23F,polysome_786O_VHL_noEIF4E2_g1_1_NA_ribo6_1,polysome,786O,VHL,HIF1B,noEIF4E2,g1,N,1,NA,ribo6,1,Yes,75,SUG341A12_S3_L001_R1_001.fastq.gz,GATAGGCT,SUG341,polysome_786O_VHL_noEIF4E2_g1_1_NA_ribo6,polysome_786O_VHL_noEIF4E2_g1_1_NA_ribo6_1_SUG341
TSO-15,LYS23F,polysome_786O_VHL_noEIF4E2_g1_1_NA_ribo7_1,polysome,786O,VHL,HIF1B,noEIF4E2,g1,N,1,NA,ribo7,1,Yes,75,SUG341A12_S3_L001_R1_001.fastq.gz,TGGTACAG,SUG341,polysome_786O_VHL_noEIF4E2_g1_1_NA_ribo7,polysome_786O_VHL_noEIF4E2_g1_1_NA_ribo7_1_SUG341
TSO-16,LYS23F,polysome_786O_VHL_noEIF4E2_g1_1_NA_ribo8_1,polysome,786O,VHL,HIF1B,noEIF4E2,g1,N,1,NA,ribo8,1,Yes,75,SUG341A12_S3_L001_R1_001.fastq.gz,CAAGGTCT,SUG341,polysome_786O_VHL_noEIF4E2_g1_1_NA_ribo8,polysome_786O_VHL_noEIF4E2_g1_1_NA_ribo8_1_SUG341
TSO-8,LYS23G,polysome_786O_VHL_noEIF4E2_g1_1_NA_ribo1_2,polysome,786O,VHL,HIF1B,noEIF4E2,g1,N,1,NA,ribo1,2,Yes,150,SUG341A13_S4_L001_R1_001.fastq.gz,CTCCTAGA,SUG341,polysome_786O_VHL_noEIF4E2_g1_1_NA_ribo1,polysome_786O_VHL_noEIF4E2_g1_1_NA_ribo1_2_SUG341
TSO-7,LYS23G,polysome_786O_VHL_noEIF4E2_g1_1_NA_ribo2_2,polysome,786O,VHL,HIF1B,noEIF4E2,g1,N,1,NA,ribo2,2,Yes,150,SUG341A13_S4_L001_R1_001.fastq.gz,CGTATTCG,SUG341,polysome_786O_VHL_noEIF4E2_g1_1_NA_ribo2,polysome_786O_VHL_noEIF4E2_g1_1_NA_ribo2_2_SUG341
TSO-6,LYS23G,polysome_786O_VHL_noEIF4E2_g1_1_NA_ribo3_2,polysome,786O,VHL,HIF1B,noEIF4E2,g1,N,1,NA,ribo3,2,Yes,150,SUG341A13_S4_L001_R1_001.fastq.gz,TGACTGAC,SUG341,polysome_786O_VHL_noEIF4E2_g1_1_NA_ribo3,polysome_786O_VHL_noEIF4E2_g1_1_NA_ribo3_2_SUG341
TSO-5,LYS23G,polysome_786O_VHL_noEIF4E2_g1_1_NA_ribo4_2,polysome,786O,VHL,HIF1B,noEIF4E2,g1,N,1,NA,ribo4,2,Yes,150,SUG341A13_S4_L001_R1_001.fastq.gz,CATGAGGA,SUG341,polysome_786O_VHL_noEIF4E2_g1_1_NA_ribo4,polysome_786O_VHL_noEIF4E2_g1_1_NA_ribo4_2_SUG341
TSO-4,LYS23G,polysome_786O_VHL_noEIF4E2_g1_1_NA_ribo5_2,polysome,786O,VHL,HIF1B,noEIF4E2,g1,N,1,NA,ribo5,2,Yes,150,SUG341A13_S4_L001_R1_001.fastq.gz,GTACCTTG,SUG341,polysome_786O_VHL_noEIF4E2_g1_1_NA_ribo5,polysome_786O_VHL_noEIF4E2_g1_1_NA_ribo5_2_SUG341
TSO-3,LYS23G,polysome_786O_VHL_noEIF4E2_g1_1_NA_ribo6_2,polysome,786O,VHL,HIF1B,noEIF4E2,g1,N,1,NA,ribo6,2,Yes,150,SUG341A13_S4_L001_R1_001.fastq.gz,GAATCCGA,SUG341,polysome_786O_VHL_noEIF4E2_g1_1_NA_ribo6,polysome_786O_VHL_noEIF4E2_g1_1_NA_ribo6_2_SUG341
TSO-2,LYS23G,polysome_786O_VHL_noEIF4E2_g1_1_NA_ribo7_2,polysome,786O,VHL,HIF1B,noEIF4E2,g1,N,1,NA,ribo7,2,Yes,150,SUG341A13_S4_L001_R1_001.fastq.gz,AGGTCACT,SUG341,polysome_786O_VHL_noEIF4E2_g1_1_NA_ribo7,polysome_786O_VHL_noEIF4E2_g1_1_NA_ribo7_2_SUG341
TSO-1,LYS23G,polysome_786O_VHL_noEIF4E2_g1_1_NA_ribo8_2,polysome,786O,VHL,HIF1B,noEIF4E2,g1,N,1,NA,ribo8,2,Yes,150,SUG341A13_S4_L001_R1_001.fastq.gz,GTCGGTAA,SUG341,polysome_786O_VHL_noEIF4E2_g1_1_NA_ribo8,polysome_786O_VHL_noEIF4E2_g1_1_NA_ribo8_2_SUG341
TSO-1,LYS23H,polysome_786O_VHL_noEIF4E2_g2_1_NA_ribo1_1,polysome,786O,VHL,HIF1B,noEIF4E2,g2,N,1,NA,ribo1,1,Yes,150,SUG968A4_S100_L007_R1_001.fastq.gz,GTCGGTAA,SUG968,polysome_786O_VHL_noEIF4E2_g2_1_NA_ribo1,polysome_786O_VHL_noEIF4E2_g2_1_NA_ribo1_1_SUG968
TSO-2,LYS23H,polysome_786O_VHL_noEIF4E2_g2_1_NA_ribo2_1,polysome,786O,VHL,HIF1B,noEIF4E2,g2,N,1,NA,ribo2,1,Yes,150,SUG968A4_S100_L007_R1_001.fastq.gz,AGGTCACT,SUG968,polysome_786O_VHL_noEIF4E2_g2_1_NA_ribo2,polysome_786O_VHL_noEIF4E2_g2_1_NA_ribo2_1_SUG968
TSO-3,LYS23H,polysome_786O_VHL_noEIF4E2_g2_1_NA_ribo3_1,polysome,786O,VHL,HIF1B,noEIF4E2,g2,N,1,NA,ribo3,1,Yes,150,SUG968A4_S100_L007_R1_001.fastq.gz,GAATCCGA,SUG968,polysome_786O_VHL_noEIF4E2_g2_1_NA_ribo3,polysome_786O_VHL_noEIF4E2_g2_1_NA_ribo3_1_SUG968
TSO-4,LYS23H,polysome_786O_VHL_noEIF4E2_g2_1_NA_ribo4_1,polysome,786O,VHL,HIF1B,noEIF4E2,g2,N,1,NA,ribo4,1,Yes,150,SUG968A4_S100_L007_R1_001.fastq.gz,GTACCTTG,SUG968,polysome_786O_VHL_noEIF4E2_g2_1_NA_ribo4,polysome_786O_VHL_noEIF4E2_g2_1_NA_ribo4_1_SUG968
TSO-5,LYS23H,polysome_786O_VHL_noEIF4E2_g2_1_NA_ribo5_1,polysome,786O,VHL,HIF1B,noEIF4E2,g2,N,1,NA,ribo5,1,Yes,150,SUG968A4_S100_L007_R1_001.fastq.gz,CATGAGGA,SUG968,polysome_786O_VHL_noEIF4E2_g2_1_NA_ribo5,polysome_786O_VHL_noEIF4E2_g2_1_NA_ribo5_1_SUG968
TSO-6,LYS23H,polysome_786O_VHL_noEIF4E2_g2_1_NA_ribo6_1,polysome,786O,VHL,HIF1B,noEIF4E2,g2,N,1,NA,ribo6,1,Yes,150,SUG968A4_S100_L007_R1_001.fastq.gz,TGACTGAC,SUG968,polysome_786O_VHL_noEIF4E2_g2_1_NA_ribo6,polysome_786O_VHL_noEIF4E2_g2_1_NA_ribo6_1_SUG968
TSO-7,LYS23H,polysome_786O_VHL_noEIF4E2_g2_1_NA_ribo7_1,polysome,786O,VHL,HIF1B,noEIF4E2,g2,N,1,NA,ribo7,1,Yes,150,SUG968A4_S100_L007_R1_001.fastq.gz,CGTATTCG,SUG968,polysome_786O_VHL_noEIF4E2_g2_1_NA_ribo7,polysome_786O_VHL_noEIF4E2_g2_1_NA_ribo7_1_SUG968
TSO-8,LYS23H,polysome_786O_VHL_noEIF4E2_g2_1_NA_ribo8_1,polysome,786O,VHL,HIF1B,noEIF4E2,g2,N,1,NA,ribo8,1,Yes,150,SUG968A4_S100_L007_R1_001.fastq.gz,CTCCTAGA,SUG968,polysome_786O_VHL_noEIF4E2_g2_1_NA_ribo8,polysome_786O_VHL_noEIF4E2_g2_1_NA_ribo8_1_SUG968
TSO-16,LYS23I,polysome_786O_VHL_noEIF4E2_g2_1_NA_ribo1_2,polysome,786O,VHL,HIF1B,noEIF4E2,g2,N,1,NA,ribo1,2,Yes,150,SUG341A15_S6_L001_R1_001.fastq.gz,CAAGGTCT,SUG341,polysome_786O_VHL_noEIF4E2_g2_1_NA_ribo1,polysome_786O_VHL_noEIF4E2_g2_1_NA_ribo1_2_SUG341
TSO-15,LYS23I,polysome_786O_VHL_noEIF4E2_g2_1_NA_ribo2_2,polysome,786O,VHL,HIF1B,noEIF4E2,g2,N,1,NA,ribo2,2,Yes,150,SUG341A15_S6_L001_R1_001.fastq.gz,TGGTACAG,SUG341,polysome_786O_VHL_noEIF4E2_g2_1_NA_ribo2,polysome_786O_VHL_noEIF4E2_g2_1_NA_ribo2_2_SUG341
TSO-14,LYS23I,polysome_786O_VHL_noEIF4E2_g2_1_NA_ribo3_2,polysome,786O,VHL,HIF1B,noEIF4E2,g2,N,1,NA,ribo3,2,Yes,150,SUG341A15_S6_L001_R1_001.fastq.gz,GATAGGCT,SUG341,polysome_786O_VHL_noEIF4E2_g2_1_NA_ribo3,polysome_786O_VHL_noEIF4E2_g2_1_NA_ribo3_2_SUG341
TSO-13,LYS23I,polysome_786O_VHL_noEIF4E2_g2_1_NA_ribo4_2,polysome,786O,VHL,HIF1B,noEIF4E2,g2,N,1,NA,ribo4,2,Yes,150,SUG341A15_S6_L001_R1_001.fastq.gz,TCAGACGA,SUG341,polysome_786O_VHL_noEIF4E2_g2_1_NA_ribo4,polysome_786O_VHL_noEIF4E2_g2_1_NA_ribo4_2_SUG341
TSO-12,LYS23I,polysome_786O_VHL_noEIF4E2_g2_1_NA_ribo5_2,polysome,786O,VHL,HIF1B,noEIF4E2,g2,N,1,NA,ribo5,2,Yes,150,SUG341A15_S6_L001_R1_001.fastq.gz,TAATGCCG,SUG341,polysome_786O_VHL_noEIF4E2_g2_1_NA_ribo5,polysome_786O_VHL_noEIF4E2_g2_1_NA_ribo5_2_SUG341
TSO-11,LYS23I,polysome_786O_VHL_noEIF4E2_g2_1_NA_ribo6_2,polysome,786O,VHL,HIF1B,noEIF4E2,g2,N,1,NA,ribo6,2,Yes,150,SUG341A15_S6_L001_R1_001.fastq.gz,AGGTGTAC,SUG341,polysome_786O_VHL_noEIF4E2_g2_1_NA_ribo6,polysome_786O_VHL_noEIF4E2_g2_1_NA_ribo6_2_SUG341
TSO-10,LYS23I,polysome_786O_VHL_noEIF4E2_g2_1_NA_ribo7_2,polysome,786O,VHL,HIF1B,noEIF4E2,g2,N,1,NA,ribo7,2,Yes,150,SUG341A15_S6_L001_R1_001.fastq.gz,GAGATACG,SUG341,polysome_786O_VHL_noEIF4E2_g2_1_NA_ribo7,polysome_786O_VHL_noEIF4E2_g2_1_NA_ribo7_2_SUG341
TSO-9,LYS23I,polysome_786O_VHL_noEIF4E2_g2_1_NA_ribo8_2,polysome,786O,VHL,HIF1B,noEIF4E2,g2,N,1,NA,ribo8,2,Yes,150,SUG341A15_S6_L001_R1_001.fastq.gz,TAGTTGCG,SUG341,polysome_786O_VHL_noEIF4E2_g2_1_NA_ribo8,polysome_786O_VHL_noEIF4E2_g2_1_NA_ribo8_2_SUG341
TSO-1,LYS23F,polysome_786O_noVHL_noEIF4E2_g1_1_NA_ribo1_1,polysome,786O,noVHL,HIF1B,noEIF4E2,g1,N,1,NA,ribo1,1,Yes,75,SUG341A12_S3_L001_R1_001.fastq.gz,GTCGGTAA,SUG341,polysome_786O_noVHL_noEIF4E2_g1_1_NA_ribo1,polysome_786O_noVHL_noEIF4E2_g1_1_NA_ribo1_1_SUG341
TSO-2,LYS23F,polysome_786O_noVHL_noEIF4E2_g1_1_NA_ribo2_1,polysome,786O,noVHL,HIF1B,noEIF4E2,g1,N,1,NA,ribo2,1,Yes,75,SUG341A12_S3_L001_R1_001.fastq.gz,AGGTCACT,SUG341,polysome_786O_noVHL_noEIF4E2_g1_1_NA_ribo2,polysome_786O_noVHL_noEIF4E2_g1_1_NA_ribo2_1_SUG341
TSO-3,LYS23F,polysome_786O_noVHL_noEIF4E2_g1_1_NA_ribo3_1,polysome,786O,noVHL,HIF1B,noEIF4E2,g1,N,1,NA,ribo3,1,Yes,75,SUG341A12_S3_L001_R1_001.fastq.gz,GAATCCGA,SUG341,polysome_786O_noVHL_noEIF4E2_g1_1_NA_ribo3,polysome_786O_noVHL_noEIF4E2_g1_1_NA_ribo3_1_SUG341
TSO-4,LYS23F,polysome_786O_noVHL_noEIF4E2_g1_1_NA_ribo4_1,polysome,786O,noVHL,HIF1B,noEIF4E2,g1,N,1,NA,ribo4,1,Yes,75,SUG341A12_S3_L001_R1_001.fastq.gz,GTACCTTG,SUG341,polysome_786O_noVHL_noEIF4E2_g1_1_NA_ribo4,polysome_786O_noVHL_noEIF4E2_g1_1_NA_ribo4_1_SUG341
TSO-5,LYS23F,polysome_786O_noVHL_noEIF4E2_g1_1_NA_ribo5_1,polysome,786O,noVHL,HIF1B,noEIF4E2,g1,N,1,NA,ribo5,1,Yes,75,SUG341A12_S3_L001_R1_001.fastq.gz,CATGAGGA,SUG341,polysome_786O_noVHL_noEIF4E2_g1_1_NA_ribo5,polysome_786O_noVHL_noEIF4E2_g1_1_NA_ribo5_1_SUG341
TSO-6,LYS23F,polysome_786O_noVHL_noEIF4E2_g1_1_NA_ribo6_1,polysome,786O,noVHL,HIF1B,noEIF4E2,g1,N,1,NA,ribo6,1,Yes,75,SUG341A12_S3_L001_R1_001.fastq.gz,TGACTGAC,SUG341,polysome_786O_noVHL_noEIF4E2_g1_1_NA_ribo6,polysome_786O_noVHL_noEIF4E2_g1_1_NA_ribo6_1_SUG341
TSO-7,LYS23F,polysome_786O_noVHL_noEIF4E2_g1_1_NA_ribo7_1,polysome,786O,noVHL,HIF1B,noEIF4E2,g1,N,1,NA,ribo7,1,Yes,75,SUG341A12_S3_L001_R1_001.fastq.gz,CGTATTCG,SUG341,polysome_786O_noVHL_noEIF4E2_g1_1_NA_ribo7,polysome_786O_noVHL_noEIF4E2_g1_1_NA_ribo7_1_SUG341
TSO-8,LYS23F,polysome_786O_noVHL_noEIF4E2_g1_1_NA_ribo8_1,polysome,786O,noVHL,HIF1B,noEIF4E2,g1,N,1,NA,ribo8,1,Yes,75,SUG341A12_S3_L001_R1_001.fastq.gz,CTCCTAGA,SUG341,polysome_786O_noVHL_noEIF4E2_g1_1_NA_ribo8,polysome_786O_noVHL_noEIF4E2_g1_1_NA_ribo8_1_SUG341
TSO-16,LYS23G,polysome_786O_noVHL_noEIF4E2_g1_1_NA_ribo1_2,polysome,786O,noVHL,HIF1B,noEIF4E2,g1,N,1,NA,ribo1,2,Yes,150,SUG341A13_S4_L001_R1_001.fastq.gz,CAAGGTCT,SUG341,polysome_786O_noVHL_noEIF4E2_g1_1_NA_ribo1,polysome_786O_noVHL_noEIF4E2_g1_1_NA_ribo1_2_SUG341
TSO-15,LYS23G,polysome_786O_noVHL_noEIF4E2_g1_1_NA_ribo2_2,polysome,786O,noVHL,HIF1B,noEIF4E2,g1,N,1,NA,ribo2,2,Yes,150,SUG341A13_S4_L001_R1_001.fastq.gz,TGGTACAG,SUG341,polysome_786O_noVHL_noEIF4E2_g1_1_NA_ribo2,polysome_786O_noVHL_noEIF4E2_g1_1_NA_ribo2_2_SUG341
TSO-14,LYS23G,polysome_786O_noVHL_noEIF4E2_g1_1_NA_ribo3_2,polysome,786O,noVHL,HIF1B,noEIF4E2,g1,N,1,NA,ribo3,2,Yes,150,SUG341A13_S4_L001_R1_001.fastq.gz,GATAGGCT,SUG341,polysome_786O_noVHL_noEIF4E2_g1_1_NA_ribo3,polysome_786O_noVHL_noEIF4E2_g1_1_NA_ribo3_2_SUG341
TSO-13,LYS23G,polysome_786O_noVHL_noEIF4E2_g1_1_NA_ribo4_2,polysome,786O,noVHL,HIF1B,noEIF4E2,g1,N,1,NA,ribo4,2,Yes,150,SUG341A13_S4_L001_R1_001.fastq.gz,TCAGACGA,SUG341,polysome_786O_noVHL_noEIF4E2_g1_1_NA_ribo4,polysome_786O_noVHL_noEIF4E2_g1_1_NA_ribo4_2_SUG341
TSO-12,LYS23G,polysome_786O_noVHL_noEIF4E2_g1_1_NA_ribo5_2,polysome,786O,noVHL,HIF1B,noEIF4E2,g1,N,1,NA,ribo5,2,Yes,150,SUG341A13_S4_L001_R1_001.fastq.gz,TAATGCCG,SUG341,polysome_786O_noVHL_noEIF4E2_g1_1_NA_ribo5,polysome_786O_noVHL_noEIF4E2_g1_1_NA_ribo5_2_SUG341
TSO-11,LYS23G,polysome_786O_noVHL_noEIF4E2_g1_1_NA_ribo6_2,polysome,786O,noVHL,HIF1B,noEIF4E2,g1,N,1,NA,ribo6,2,Yes,150,SUG341A13_S4_L001_R1_001.fastq.gz,AGGTGTAC,SUG341,polysome_786O_noVHL_noEIF4E2_g1_1_NA_ribo6,polysome_786O_noVHL_noEIF4E2_g1_1_NA_ribo6_2_SUG341
TSO-10,LYS23G,polysome_786O_noVHL_noEIF4E2_g1_1_NA_ribo7_2,polysome,786O,noVHL,HIF1B,noEIF4E2,g1,N,1,NA,ribo7,2,Yes,150,SUG341A13_S4_L001_R1_001.fastq.gz,GAGATACG,SUG341,polysome_786O_noVHL_noEIF4E2_g1_1_NA_ribo7,polysome_786O_noVHL_noEIF4E2_g1_1_NA_ribo7_2_SUG341
TSO-9,LYS23G,polysome_786O_noVHL_noEIF4E2_g1_1_NA_ribo8_2,polysome,786O,noVHL,HIF1B,noEIF4E2,g1,N,1,NA,ribo8,2,Yes,150,SUG341A13_S4_L001_R1_001.fastq.gz,TAGTTGCG,SUG341,polysome_786O_noVHL_noEIF4E2_g1_1_NA_ribo8,polysome_786O_noVHL_noEIF4E2_g1_1_NA_ribo8_2_SUG341
TSO-9,LYS23H,polysome_786O_noVHL_noEIF4E2_g2_1_NA_ribo1_1,polysome,786O,noVHL,HIF1B,noEIF4E2,g2,N,1,NA,ribo1,1,Yes,150,SUG968A4_S100_L007_R1_001.fastq.gz,TAGTTGCG,SUG968,polysome_786O_noVHL_noEIF4E2_g2_1_NA_ribo1,polysome_786O_noVHL_noEIF4E2_g2_1_NA_ribo1_1_SUG968
TSO-10,LYS23H,polysome_786O_noVHL_noEIF4E2_g2_1_NA_ribo2_1,polysome,786O,noVHL,HIF1B,noEIF4E2,g2,N,1,NA,ribo2,1,Yes,150,SUG968A4_S100_L007_R1_001.fastq.gz,GAGATACG,SUG968,polysome_786O_noVHL_noEIF4E2_g2_1_NA_ribo2,polysome_786O_noVHL_noEIF4E2_g2_1_NA_ribo2_1_SUG968
TSO-11,LYS23H,polysome_786O_noVHL_noEIF4E2_g2_1_NA_ribo3_1,polysome,786O,noVHL,HIF1B,noEIF4E2,g2,N,1,NA,ribo3,1,Yes,150,SUG968A4_S100_L007_R1_001.fastq.gz,AGGTGTAC,SUG968,polysome_786O_noVHL_noEIF4E2_g2_1_NA_ribo3,polysome_786O_noVHL_noEIF4E2_g2_1_NA_ribo3_1_SUG968
TSO-12,LYS23H,polysome_786O_noVHL_noEIF4E2_g2_1_NA_ribo4_1,polysome,786O,noVHL,HIF1B,noEIF4E2,g2,N,1,NA,ribo4,1,Yes,150,SUG968A4_S100_L007_R1_001.fastq.gz,TAATGCCG,SUG968,polysome_786O_noVHL_noEIF4E2_g2_1_NA_ribo4,polysome_786O_noVHL_noEIF4E2_g2_1_NA_ribo4_1_SUG968
TSO-13,LYS23H,polysome_786O_noVHL_noEIF4E2_g2_1_NA_ribo5_1,polysome,786O,noVHL,HIF1B,noEIF4E2,g2,N,1,NA,ribo5,1,Yes,150,SUG968A4_S100_L007_R1_001.fastq.gz,TCAGACGA,SUG968,polysome_786O_noVHL_noEIF4E2_g2_1_NA_ribo5,polysome_786O_noVHL_noEIF4E2_g2_1_NA_ribo5_1_SUG968
TSO-14,LYS23H,polysome_786O_noVHL_noEIF4E2_g2_1_NA_ribo6_1,polysome,786O,noVHL,HIF1B,noEIF4E2,g2,N,1,NA,ribo6,1,Yes,150,SUG968A4_S100_L007_R1_001.fastq.gz,GATAGGCT,SUG968,polysome_786O_noVHL_noEIF4E2_g2_1_NA_ribo6,polysome_786O_noVHL_noEIF4E2_g2_1_NA_ribo6_1_SUG968
TSO-15,LYS23H,polysome_786O_noVHL_noEIF4E2_g2_1_NA_ribo7_1,polysome,786O,noVHL,HIF1B,noEIF4E2,g2,N,1,NA,ribo7,1,Yes,150,SUG968A4_S100_L007_R1_001.fastq.gz,TGGTACAG,SUG968,polysome_786O_noVHL_noEIF4E2_g2_1_NA_ribo7,polysome_786O_noVHL_noEIF4E2_g2_1_NA_ribo7_1_SUG968
TSO-16,LYS23H,polysome_786O_noVHL_noEIF4E2_g2_1_NA_ribo8_1,polysome,786O,noVHL,HIF1B,noEIF4E2,g2,N,1,NA,ribo8,1,Yes,150,SUG968A4_S100_L007_R1_001.fastq.gz,CAAGGTCT,SUG968,polysome_786O_noVHL_noEIF4E2_g2_1_NA_ribo8,polysome_786O_noVHL_noEIF4E2_g2_1_NA_ribo8_1_SUG968
TSO-8,LYS23I,polysome_786O_noVHL_noEIF4E2_g2_1_NA_ribo1_2,polysome,786O,noVHL,HIF1B,noEIF4E2,g2,N,1,NA,ribo1,2,Yes,150,SUG341A15_S6_L001_R1_001.fastq.gz,CTCCTAGA,SUG341,polysome_786O_noVHL_noEIF4E2_g2_1_NA_ribo1,polysome_786O_noVHL_noEIF4E2_g2_1_NA_ribo1_2_SUG341
TSO-7,LYS23I,polysome_786O_noVHL_noEIF4E2_g2_1_NA_ribo2_2,polysome,786O,noVHL,HIF1B,noEIF4E2,g2,N,1,NA,ribo2,2,Yes,150,SUG341A15_S6_L001_R1_001.fastq.gz,CGTATTCG,SUG341,polysome_786O_noVHL_noEIF4E2_g2_1_NA_ribo2,polysome_786O_noVHL_noEIF4E2_g2_1_NA_ribo2_2_SUG341
TSO-6,LYS23I,polysome_786O_noVHL_noEIF4E2_g2_1_NA_ribo3_2,polysome,786O,noVHL,HIF1B,noEIF4E2,g2,N,1,NA,ribo3,2,Yes,150,SUG341A15_S6_L001_R1_001.fastq.gz,TGACTGAC,SUG341,polysome_786O_noVHL_noEIF4E2_g2_1_NA_ribo3,polysome_786O_noVHL_noEIF4E2_g2_1_NA_ribo3_2_SUG341
TSO-5,LYS23I,polysome_786O_noVHL_noEIF4E2_g2_1_NA_ribo4_2,polysome,786O,noVHL,HIF1B,noEIF4E2,g2,N,1,NA,ribo4,2,Yes,150,SUG341A15_S6_L001_R1_001.fastq.gz,CATGAGGA,SUG341,polysome_786O_noVHL_noEIF4E2_g2_1_NA_ribo4,polysome_786O_noVHL_noEIF4E2_g2_1_NA_ribo4_2_SUG341
TSO-4,LYS23I,polysome_786O_noVHL_noEIF4E2_g2_1_NA_ribo5_2,polysome,786O,noVHL,HIF1B,noEIF4E2,g2,N,1,NA,ribo5,2,Yes,150,SUG341A15_S6_L001_R1_001.fastq.gz,GTACCTTG,SUG341,polysome_786O_noVHL_noEIF4E2_g2_1_NA_ribo5,polysome_786O_noVHL_noEIF4E2_g2_1_NA_ribo5_2_SUG341
TSO-3,LYS23I,polysome_786O_noVHL_noEIF4E2_g2_1_NA_ribo6_2,polysome,786O,noVHL,HIF1B,noEIF4E2,g2,N,1,NA,ribo6,2,Yes,150,SUG341A15_S6_L001_R1_001.fastq.gz,GAATCCGA,SUG341,polysome_786O_noVHL_noEIF4E2_g2_1_NA_ribo6,polysome_786O_noVHL_noEIF4E2_g2_1_NA_ribo6_2_SUG341
TSO-2,LYS23I,polysome_786O_noVHL_noEIF4E2_g2_1_NA_ribo7_2,polysome,786O,noVHL,HIF1B,noEIF4E2,g2,N,1,NA,ribo7,2,Yes,150,SUG341A15_S6_L001_R1_001.fastq.gz,AGGTCACT,SUG341,polysome_786O_noVHL_noEIF4E2_g2_1_NA_ribo7,polysome_786O_noVHL_noEIF4E2_g2_1_NA_ribo7_2_SUG341
TSO-1,LYS23I,polysome_786O_noVHL_noEIF4E2_g2_1_NA_ribo8_2,polysome,786O,noVHL,HIF1B,noEIF4E2,g2,N,1,NA,ribo8,2,Yes,150,SUG341A15_S6_L001_R1_001.fastq.gz,GTCGGTAA,SUG341,polysome_786O_noVHL_noEIF4E2_g2_1_NA_ribo8,polysome_786O_noVHL_noEIF4E2_g2_1_NA_ribo8_2_SUG341
TSO-1,LYS17C,total_RCC4_VHL_HIF1B_N_1_1,total,RCC4,VHL,HIF1B,EIF4E2,NA,N,1,NA,NA,1,No,NA,SUG424A7_S111_L003_R1_001.fastq.gz,GTCGGTAA,SUG424,total_RCC4_VHL_HIF1B_N_1,total_RCC4_VHL_HIF1B_N_1_1_SUG424
TSO-1,LYS17C,total_RCC4_VHL_HIF1B_N_1_1,total,RCC4,VHL,HIF1B,EIF4E2,NA,N,1,NA,NA,1,No,NA,SUG341A3_S210_L008_R1_001.fastq.gz,GTCGGTAA,SUG341,total_RCC4_VHL_HIF1B_N_1,total_RCC4_VHL_HIF1B_N_1_1_SUG341
TSO-12,LYS24N,total_RCC4_VHL_HIF1B_N_1_2,total,RCC4,VHL,HIF1B,EIF4E2,NA,N,1,NA,NA,2,No,NA,SUG968A11_S68_L007_R1_001.fastq.gz,TAATGCCG,SUG968,total_RCC4_VHL_HIF1B_N_1,total_RCC4_VHL_HIF1B_N_1_2_SUG968
TSO-2,LYS17C,total_RCC4_VHL_HIF1B_N_3_1,total,RCC4,VHL,HIF1B,EIF4E2,NA,N,3,NA,NA,1,No,NA,SUG424A7_S111_L003_R1_001.fastq.gz,AGGTCACT,SUG424,total_RCC4_VHL_HIF1B_N_3,total_RCC4_VHL_HIF1B_N_3_1_SUG424
TSO-2,LYS17C,total_RCC4_VHL_HIF1B_N_3_1,total,RCC4,VHL,HIF1B,EIF4E2,NA,N,3,NA,NA,1,No,NA,SUG341A3_S210_L008_R1_001.fastq.gz,AGGTCACT,SUG341,total_RCC4_VHL_HIF1B_N_3,total_RCC4_VHL_HIF1B_N_3_1_SUG341
TSO-13,LYS24N,total_RCC4_VHL_HIF1B_N_3_2,total,RCC4,VHL,HIF1B,EIF4E2,NA,N,3,NA,NA,2,No,NA,SUG968A11_S68_L007_R1_001.fastq.gz,TCAGACGA,SUG968,total_RCC4_VHL_HIF1B_N_3,total_RCC4_VHL_HIF1B_N_3_2_SUG968
TSO-13,LYS17C,total_RCC4_VHL_HIF1B_N_4_1,total,RCC4,VHL,HIF1B,EIF4E2,NA,N,4,NA,NA,1,No,NA,SUG424A7_S111_L003_R1_001.fastq.gz,TCAGACGA,SUG424,total_RCC4_VHL_HIF1B_N_4,total_RCC4_VHL_HIF1B_N_4_1_SUG424
TSO-13,LYS17C,total_RCC4_VHL_HIF1B_N_4_1,total,RCC4,VHL,HIF1B,EIF4E2,NA,N,4,NA,NA,1,No,NA,SUG341A3_S210_L008_R1_001.fastq.gz,TCAGACGA,SUG341,total_RCC4_VHL_HIF1B_N_4,total_RCC4_VHL_HIF1B_N_4_1_SUG341
TSO-14,LYS24N,total_RCC4_VHL_HIF1B_N_4_2,total,RCC4,VHL,HIF1B,EIF4E2,NA,N,4,NA,NA,2,No,NA,SUG968A11_S68_L007_R1_001.fastq.gz,GATAGGCT,SUG968,total_RCC4_VHL_HIF1B_N_4,total_RCC4_VHL_HIF1B_N_4_2_SUG968
TSO-5,LYS17C,total_RCC4_noVHL_HIF1B_N_1_1,total,RCC4,noVHL,HIF1B,EIF4E2,NA,N,1,NA,NA,1,No,NA,SUG424A7_S111_L003_R1_001.fastq.gz,CATGAGGA,SUG424,total_RCC4_noVHL_HIF1B_N_1,total_RCC4_noVHL_HIF1B_N_1_1_SUG424
TSO-5,LYS17C,total_RCC4_noVHL_HIF1B_N_1_1,total,RCC4,noVHL,HIF1B,EIF4E2,NA,N,1,NA,NA,1,No,NA,SUG341A3_S210_L008_R1_001.fastq.gz,CATGAGGA,SUG341,total_RCC4_noVHL_HIF1B_N_1,total_RCC4_noVHL_HIF1B_N_1_1_SUG341
TSO-9,LYS24N,total_RCC4_noVHL_HIF1B_N_1_2,total,RCC4,noVHL,HIF1B,EIF4E2,NA,N,1,NA,NA,2,No,NA,SUG968A11_S68_L007_R1_001.fastq.gz,TAGTTGCG,SUG968,total_RCC4_noVHL_HIF1B_N_1,total_RCC4_noVHL_HIF1B_N_1_2_SUG968
TSO-6,LYS17C,total_RCC4_noVHL_HIF1B_N_3_1,total,RCC4,noVHL,HIF1B,EIF4E2,NA,N,3,NA,NA,1,No,NA,SUG424A7_S111_L003_R1_001.fastq.gz,TGACTGAC,SUG424,total_RCC4_noVHL_HIF1B_N_3,total_RCC4_noVHL_HIF1B_N_3_1_SUG424
TSO-6,LYS17C,total_RCC4_noVHL_HIF1B_N_3_1,total,RCC4,noVHL,HIF1B,EIF4E2,NA,N,3,NA,NA,1,No,NA,SUG341A3_S210_L008_R1_001.fastq.gz,TGACTGAC,SUG341,total_RCC4_noVHL_HIF1B_N_3,total_RCC4_noVHL_HIF1B_N_3_1_SUG341
TSO-10,LYS24N,total_RCC4_noVHL_HIF1B_N_3_2,total,RCC4,noVHL,HIF1B,EIF4E2,NA,N,3,NA,NA,2,No,NA,SUG968A11_S68_L007_R1_001.fastq.gz,GAGATACG,SUG968,total_RCC4_noVHL_HIF1B_N_3,total_RCC4_noVHL_HIF1B_N_3_2_SUG968
TSO-4,LYS17C,total_RCC4_noVHL_HIF1B_N_4_1,total,RCC4,noVHL,HIF1B,EIF4E2,NA,N,4,NA,NA,1,No,NA,SUG424A7_S111_L003_R1_001.fastq.gz,GTACCTTG,SUG424,total_RCC4_noVHL_HIF1B_N_4,total_RCC4_noVHL_HIF1B_N_4_1_SUG424
TSO-4,LYS17C,total_RCC4_noVHL_HIF1B_N_4_1,total,RCC4,noVHL,HIF1B,EIF4E2,NA,N,4,NA,NA,1,No,NA,SUG341A3_S210_L008_R1_001.fastq.gz,GTACCTTG,SUG341,total_RCC4_noVHL_HIF1B_N_4,total_RCC4_noVHL_HIF1B_N_4_1_SUG341
TSO-11,LYS24N,total_RCC4_noVHL_HIF1B_N_4_2,total,RCC4,noVHL,HIF1B,EIF4E2,NA,N,4,NA,NA,2,No,NA,SUG968A11_S68_L007_R1_001.fastq.gz,AGGTGTAC,SUG968,total_RCC4_noVHL_HIF1B_N_4,total_RCC4_noVHL_HIF1B_N_4_2_SUG968
TSO-1,LYS18C,total_RCC4_VHL_HIF1B_H_1_1,total,RCC4,VHL,HIF1B,EIF4E2,NA,H,1,NA,NA,1,No,NA,SUG424A10_S99_L003_R1_001.fastq.gz,GTCGGTAA,SUG424,total_RCC4_VHL_HIF1B_H_1,total_RCC4_VHL_HIF1B_H_1_1_SUG424
TSO-1,LYS18C,total_RCC4_VHL_HIF1B_H_1_1,total,RCC4,VHL,HIF1B,EIF4E2,NA,H,1,NA,NA,1,No,NA,SUG341A6_S300_L008_R1_001.fastq.gz,GTCGGTAA,SUG341,total_RCC4_VHL_HIF1B_H_1,total_RCC4_VHL_HIF1B_H_1_1_SUG341
TSO-12,LYS24O,total_RCC4_VHL_HIF1B_H_1_2,total,RCC4,VHL,HIF1B,EIF4E2,NA,H,1,NA,NA,2,No,NA,SUG968A12_S69_L007_R1_001.fastq.gz,TAATGCCG,SUG968,total_RCC4_VHL_HIF1B_H_1,total_RCC4_VHL_HIF1B_H_1_2_SUG968
TSO-7,LYS18C,total_RCC4_VHL_HIF1B_H_3_1,total,RCC4,VHL,HIF1B,EIF4E2,NA,H,3,NA,NA,1,No,NA,SUG424A10_S99_L003_R1_001.fastq.gz,CGTATTCG,SUG424,total_RCC4_VHL_HIF1B_H_3,total_RCC4_VHL_HIF1B_H_3_1_SUG424
TSO-7,LYS18C,total_RCC4_VHL_HIF1B_H_3_1,total,RCC4,VHL,HIF1B,EIF4E2,NA,H,3,NA,NA,1,No,NA,SUG341A6_S300_L008_R1_001.fastq.gz,CGTATTCG,SUG341,total_RCC4_VHL_HIF1B_H_3,total_RCC4_VHL_HIF1B_H_3_1_SUG341
TSO-13,LYS24O,total_RCC4_VHL_HIF1B_H_3_2,total,RCC4,VHL,HIF1B,EIF4E2,NA,H,3,NA,NA,2,No,NA,SUG968A12_S69_L007_R1_001.fastq.gz,TCAGACGA,SUG968,total_RCC4_VHL_HIF1B_H_3,total_RCC4_VHL_HIF1B_H_3_2_SUG968
TSO-13,LYS18C,total_RCC4_VHL_HIF1B_H_4_1,total,RCC4,VHL,HIF1B,EIF4E2,NA,H,4,NA,NA,1,No,NA,SUG424A10_S99_L003_R1_001.fastq.gz,TCAGACGA,SUG424,total_RCC4_VHL_HIF1B_H_4,total_RCC4_VHL_HIF1B_H_4_1_SUG424
TSO-13,LYS18C,total_RCC4_VHL_HIF1B_H_4_1,total,RCC4,VHL,HIF1B,EIF4E2,NA,H,4,NA,NA,1,No,NA,SUG341A6_S300_L008_R1_001.fastq.gz,TCAGACGA,SUG341,total_RCC4_VHL_HIF1B_H_4,total_RCC4_VHL_HIF1B_H_4_1_SUG341
TSO-14,LYS24O,total_RCC4_VHL_HIF1B_H_4_2,total,RCC4,VHL,HIF1B,EIF4E2,NA,H,4,NA,NA,2,No,NA,SUG968A12_S69_L007_R1_001.fastq.gz,GATAGGCT,SUG968,total_RCC4_VHL_HIF1B_H_4,total_RCC4_VHL_HIF1B_H_4_2_SUG968
TSO-5,LYS18C,total_RCC4_noVHL_HIF1B_H_1_1,total,RCC4,noVHL,HIF1B,EIF4E2,NA,H,1,NA,NA,1,No,NA,SUG424A10_S99_L003_R1_001.fastq.gz,CATGAGGA,SUG424,total_RCC4_noVHL_HIF1B_H_1,total_RCC4_noVHL_HIF1B_H_1_1_SUG424
TSO-5,LYS18C,total_RCC4_noVHL_HIF1B_H_1_1,total,RCC4,noVHL,HIF1B,EIF4E2,NA,H,1,NA,NA,1,No,NA,SUG341A6_S300_L008_R1_001.fastq.gz,CATGAGGA,SUG341,total_RCC4_noVHL_HIF1B_H_1,total_RCC4_noVHL_HIF1B_H_1_1_SUG341
TSO-9,LYS24O,total_RCC4_noVHL_HIF1B_H_1_2,total,RCC4,noVHL,HIF1B,EIF4E2,NA,H,1,NA,NA,2,No,NA,SUG968A12_S69_L007_R1_001.fastq.gz,TAGTTGCG,SUG968,total_RCC4_noVHL_HIF1B_H_1,total_RCC4_noVHL_HIF1B_H_1_2_SUG968
TSO-3,LYS18C,total_RCC4_noVHL_HIF1B_H_3_1,total,RCC4,noVHL,HIF1B,EIF4E2,NA,H,3,NA,NA,1,No,NA,SUG424A10_S99_L003_R1_001.fastq.gz,GAATCCGA,SUG424,total_RCC4_noVHL_HIF1B_H_3,total_RCC4_noVHL_HIF1B_H_3_1_SUG424
TSO-3,LYS18C,total_RCC4_noVHL_HIF1B_H_3_1,total,RCC4,noVHL,HIF1B,EIF4E2,NA,H,3,NA,NA,1,No,NA,SUG341A6_S300_L008_R1_001.fastq.gz,GAATCCGA,SUG341,total_RCC4_noVHL_HIF1B_H_3,total_RCC4_noVHL_HIF1B_H_3_1_SUG341
TSO-10,LYS24O,total_RCC4_noVHL_HIF1B_H_3_2,total,RCC4,noVHL,HIF1B,EIF4E2,NA,H,3,NA,NA,2,No,NA,SUG968A12_S69_L007_R1_001.fastq.gz,GAGATACG,SUG968,total_RCC4_noVHL_HIF1B_H_3,total_RCC4_noVHL_HIF1B_H_3_2_SUG968
TSO-4,LYS18C,total_RCC4_noVHL_HIF1B_H_4_1,total,RCC4,noVHL,HIF1B,EIF4E2,NA,H,4,NA,NA,1,No,NA,SUG424A10_S99_L003_R1_001.fastq.gz,GTACCTTG,SUG424,total_RCC4_noVHL_HIF1B_H_4,total_RCC4_noVHL_HIF1B_H_4_1_SUG424
TSO-4,LYS18C,total_RCC4_noVHL_HIF1B_H_4_1,total,RCC4,noVHL,HIF1B,EIF4E2,NA,H,4,NA,NA,1,No,NA,SUG341A6_S300_L008_R1_001.fastq.gz,GTACCTTG,SUG341,total_RCC4_noVHL_HIF1B_H_4,total_RCC4_noVHL_HIF1B_H_4_1_SUG341
TSO-11,LYS24O,total_RCC4_noVHL_HIF1B_H_4_2,total,RCC4,noVHL,HIF1B,EIF4E2,NA,H,4,NA,NA,2,No,NA,SUG968A12_S69_L007_R1_001.fastq.gz,AGGTGTAC,SUG968,total_RCC4_noVHL_HIF1B_H_4,total_RCC4_noVHL_HIF1B_H_4_2_SUG968
TSO-5,LYS17A,total_786O_VHL_HIF1B_N_1_1,total,786O,VHL,HIF1B,EIF4E2,NA,N,1,NA,NA,1,No,NA,SUG424A5_S109_L003_R1_001.fastq.gz,CATGAGGA,SUG424,total_786O_VHL_HIF1B_N_1,total_786O_VHL_HIF1B_N_1_1_SUG424
TSO-5,LYS17A,total_786O_VHL_HIF1B_N_1_1,total,786O,VHL,HIF1B,EIF4E2,NA,N,1,NA,NA,1,No,NA,SUG341A1_S23_L008_R1_001.fastq.gz,CATGAGGA,SUG341,total_786O_VHL_HIF1B_N_1,total_786O_VHL_HIF1B_N_1_1_SUG341
TSO-6,LYS17A,total_786O_VHL_HIF1B_N_2_1,total,786O,VHL,HIF1B,EIF4E2,NA,N,2,NA,NA,1,No,NA,SUG424A5_S109_L003_R1_001.fastq.gz,TGACTGAC,SUG424,total_786O_VHL_HIF1B_N_2,total_786O_VHL_HIF1B_N_2_1_SUG424
TSO-6,LYS17A,total_786O_VHL_HIF1B_N_2_1,total,786O,VHL,HIF1B,EIF4E2,NA,N,2,NA,NA,1,No,NA,SUG341A1_S23_L008_R1_001.fastq.gz,TGACTGAC,SUG341,total_786O_VHL_HIF1B_N_2,total_786O_VHL_HIF1B_N_2_1_SUG341
TSO-7,LYS17A,total_786O_VHL_HIF1B_N_3_1,total,786O,VHL,HIF1B,EIF4E2,NA,N,3,NA,NA,1,No,NA,SUG424A5_S109_L003_R1_001.fastq.gz,CGTATTCG,SUG424,total_786O_VHL_HIF1B_N_3,total_786O_VHL_HIF1B_N_3_1_SUG424
TSO-7,LYS17A,total_786O_VHL_HIF1B_N_3_1,total,786O,VHL,HIF1B,EIF4E2,NA,N,3,NA,NA,1,No,NA,SUG341A1_S23_L008_R1_001.fastq.gz,CGTATTCG,SUG341,total_786O_VHL_HIF1B_N_3,total_786O_VHL_HIF1B_N_3_1_SUG341
TSO-13,LYS17A,total_786O_VHL_HIF1B_N_4_1,total,786O,VHL,HIF1B,EIF4E2,NA,N,4,NA,NA,1,No,NA,SUG424A5_S109_L003_R1_001.fastq.gz,TCAGACGA,SUG424,total_786O_VHL_HIF1B_N_4,total_786O_VHL_HIF1B_N_4_1_SUG424
TSO-13,LYS17A,total_786O_VHL_HIF1B_N_4_1,total,786O,VHL,HIF1B,EIF4E2,NA,N,4,NA,NA,1,No,NA,SUG341A1_S23_L008_R1_001.fastq.gz,TCAGACGA,SUG341,total_786O_VHL_HIF1B_N_4,total_786O_VHL_HIF1B_N_4_1_SUG341
TSO-1,LYS17A,total_786O_noVHL_HIF1B_N_1_1,total,786O,noVHL,HIF1B,EIF4E2,NA,N,1,NA,NA,1,No,NA,SUG424A5_S109_L003_R1_001.fastq.gz,GTCGGTAA,SUG424,total_786O_noVHL_HIF1B_N_1,total_786O_noVHL_HIF1B_N_1_1_SUG424
TSO-1,LYS17A,total_786O_noVHL_HIF1B_N_1_1,total,786O,noVHL,HIF1B,EIF4E2,NA,N,1,NA,NA,1,No,NA,SUG341A1_S23_L008_R1_001.fastq.gz,GTCGGTAA,SUG341,total_786O_noVHL_HIF1B_N_1,total_786O_noVHL_HIF1B_N_1_1_SUG341
TSO-2,LYS17A,total_786O_noVHL_HIF1B_N_2_1,total,786O,noVHL,HIF1B,EIF4E2,NA,N,2,NA,NA,1,No,NA,SUG424A5_S109_L003_R1_001.fastq.gz,AGGTCACT,SUG424,total_786O_noVHL_HIF1B_N_2,total_786O_noVHL_HIF1B_N_2_1_SUG424
TSO-2,LYS17A,total_786O_noVHL_HIF1B_N_2_1,total,786O,noVHL,HIF1B,EIF4E2,NA,N,2,NA,NA,1,No,NA,SUG341A1_S23_L008_R1_001.fastq.gz,AGGTCACT,SUG341,total_786O_noVHL_HIF1B_N_2,total_786O_noVHL_HIF1B_N_2_1_SUG341
TSO-3,LYS17A,total_786O_noVHL_HIF1B_N_3_1,total,786O,noVHL,HIF1B,EIF4E2,NA,N,3,NA,NA,1,No,NA,SUG424A5_S109_L003_R1_001.fastq.gz,GAATCCGA,SUG424,total_786O_noVHL_HIF1B_N_3,total_786O_noVHL_HIF1B_N_3_1_SUG424
TSO-3,LYS17A,total_786O_noVHL_HIF1B_N_3_1,total,786O,noVHL,HIF1B,EIF4E2,NA,N,3,NA,NA,1,No,NA,SUG341A1_S23_L008_R1_001.fastq.gz,GAATCCGA,SUG341,total_786O_noVHL_HIF1B_N_3,total_786O_noVHL_HIF1B_N_3_1_SUG341
TSO-4,LYS17A,total_786O_noVHL_HIF1B_N_4_1,total,786O,noVHL,HIF1B,EIF4E2,NA,N,4,NA,NA,1,No,NA,SUG424A5_S109_L003_R1_001.fastq.gz,GTACCTTG,SUG424,total_786O_noVHL_HIF1B_N_4,total_786O_noVHL_HIF1B_N_4_1_SUG424
TSO-4,LYS17A,total_786O_noVHL_HIF1B_N_4_1,total,786O,noVHL,HIF1B,EIF4E2,NA,N,4,NA,NA,1,No,NA,SUG341A1_S23_L008_R1_001.fastq.gz,GTACCTTG,SUG341,total_786O_noVHL_HIF1B_N_4,total_786O_noVHL_HIF1B_N_4_1_SUG341
TSO-5,LYS17B,total_786O_VHL_noHIF1B_N_1_1,total,786O,VHL,noHIF1B,EIF4E2,NA,N,1,NA,NA,1,No,NA,SUG424A6_S110_L003_R1_001.fastq.gz,CATGAGGA,SUG424,total_786O_VHL_noHIF1B_N_1,total_786O_VHL_noHIF1B_N_1_1_SUG424
TSO-5,LYS17B,total_786O_VHL_noHIF1B_N_1_1,total,786O,VHL,noHIF1B,EIF4E2,NA,N,1,NA,NA,1,No,NA,SUG341A2_S275_L008_R1_001.fastq.gz,CATGAGGA,SUG341,total_786O_VHL_noHIF1B_N_1,total_786O_VHL_noHIF1B_N_1_1_SUG341
TSO-3,LYS17B,total_786O_VHL_noHIF1B_N_2_1,total,786O,VHL,noHIF1B,EIF4E2,NA,N,2,NA,NA,1,No,NA,SUG424A6_S110_L003_R1_001.fastq.gz,GAATCCGA,SUG424,total_786O_VHL_noHIF1B_N_2,total_786O_VHL_noHIF1B_N_2_1_SUG424
TSO-3,LYS17B,total_786O_VHL_noHIF1B_N_2_1,total,786O,VHL,noHIF1B,EIF4E2,NA,N,2,NA,NA,1,No,NA,SUG341A2_S275_L008_R1_001.fastq.gz,GAATCCGA,SUG341,total_786O_VHL_noHIF1B_N_2,total_786O_VHL_noHIF1B_N_2_1_SUG341
TSO-4,LYS17B,total_786O_VHL_noHIF1B_N_3_1,total,786O,VHL,noHIF1B,EIF4E2,NA,N,3,NA,NA,1,No,NA,SUG424A6_S110_L003_R1_001.fastq.gz,GTACCTTG,SUG424,total_786O_VHL_noHIF1B_N_3,total_786O_VHL_noHIF1B_N_3_1_SUG424
TSO-4,LYS17B,total_786O_VHL_noHIF1B_N_3_1,total,786O,VHL,noHIF1B,EIF4E2,NA,N,3,NA,NA,1,No,NA,SUG341A2_S275_L008_R1_001.fastq.gz,GTACCTTG,SUG341,total_786O_VHL_noHIF1B_N_3,total_786O_VHL_noHIF1B_N_3_1_SUG341
TSO-1,LYS17B,total_786O_noVHL_noHIF1B_N_1_1,total,786O,noVHL,noHIF1B,EIF4E2,NA,N,1,NA,NA,1,No,NA,SUG424A6_S110_L003_R1_001.fastq.gz,GTCGGTAA,SUG424,total_786O_noVHL_noHIF1B_N_1,total_786O_noVHL_noHIF1B_N_1_1_SUG424
TSO-1,LYS17B,total_786O_noVHL_noHIF1B_N_1_1,total,786O,noVHL,noHIF1B,EIF4E2,NA,N,1,NA,NA,1,No,NA,SUG341A2_S275_L008_R1_001.fastq.gz,GTCGGTAA,SUG341,total_786O_noVHL_noHIF1B_N_1,total_786O_noVHL_noHIF1B_N_1_1_SUG341
TSO-7,LYS17B,total_786O_noVHL_noHIF1B_N_2_1,total,786O,noVHL,noHIF1B,EIF4E2,NA,N,2,NA,NA,1,No,NA,SUG424A6_S110_L003_R1_001.fastq.gz,CGTATTCG,SUG424,total_786O_noVHL_noHIF1B_N_2,total_786O_noVHL_noHIF1B_N_2_1_SUG424
TSO-7,LYS17B,total_786O_noVHL_noHIF1B_N_2_1,total,786O,noVHL,noHIF1B,EIF4E2,NA,N,2,NA,NA,1,No,NA,SUG341A2_S275_L008_R1_001.fastq.gz,CGTATTCG,SUG341,total_786O_noVHL_noHIF1B_N_2,total_786O_noVHL_noHIF1B_N_2_1_SUG341
TSO-13,LYS17B,total_786O_noVHL_noHIF1B_N_3_1,total,786O,noVHL,noHIF1B,EIF4E2,NA,N,3,NA,NA,1,No,NA,SUG424A6_S110_L003_R1_001.fastq.gz,TCAGACGA,SUG424,total_786O_noVHL_noHIF1B_N_3,total_786O_noVHL_noHIF1B_N_3_1_SUG424
TSO-13,LYS17B,total_786O_noVHL_noHIF1B_N_3_1,total,786O,noVHL,noHIF1B,EIF4E2,NA,N,3,NA,NA,1,No,NA,SUG341A2_S275_L008_R1_001.fastq.gz,TCAGACGA,SUG341,total_786O_noVHL_noHIF1B_N_3,total_786O_noVHL_noHIF1B_N_3_1_SUG341
